byte_size,evidence_label,filename,final_url,http_headers,kind,raw_row_count,retrieved_utc,schema,sha256,source,source_url,version
388279,OBSERVED,data/raw/biogen/ADME_public_set_3521.csv,https://raw.githubusercontent.com/molecularinformatics/Computational-ADME/b00df003de117ce9e5b381afd886095c5f2af2d5/ADME_public_set_3521.csv,"{""Content-Type"": ""text/plain; charset=utf-8"", ""ETag"": ""\""8033af1bd08a1180c3985a12ff880979d69a4353e1672b87ef6a97c18c1a3515\"""", ""Last-Modified"": null}",dataset,3521,2026-09-16T17:41:31.362403+00:00,"[""Internal ID"", ""Vendor ID"", ""SMILES"", ""CollectionName"", ""LOG HLM_CLint (mL/min/kg)"", ""LOG MDR1-MDCK ER (B-A/A-B)"", ""LOG SOLUBILITY PH 6.8 (ug/mL)"", ""LOG PLASMA PROTEIN BINDING (HUMAN) (% unbound)"", ""LOG PLASMA PROTEIN BINDING (RAT) (% unbound)"", ""LOG RLM_CLint (mL/min/kg)""]",2cfabc2667740c224487876c33b23124159ef43294e0f9e4d926cb6276c95a3b,Biogen,https://raw.githubusercontent.com/molecularinformatics/Computational-ADME/b00df003de117ce9e5b381afd886095c5f2af2d5/ADME_public_set_3521.csv,"{""commit"": ""b00df003de117ce9e5b381afd886095c5f2af2d5"", ""repository"": ""molecularinformatics/Computational-ADME""}"
1077,OBSERVED,data/raw/biogen/LICENSE,https://raw.githubusercontent.com/molecularinformatics/Computational-ADME/b00df003de117ce9e5b381afd886095c5f2af2d5/LICENSE,"{""Content-Type"": ""text/plain; charset=utf-8"", ""ETag"": ""\""5d23caf014ff1076f6c393caba9d6ce7aab56163e48bc1db88eaeaab093ff649\"""", ""Last-Modified"": null}",support,,2026-09-16T17:41:32.772997+00:00,source documentation/archive; not a dataset table,06557ca6eeee99c162df4e5e819167c6103f35faffb51f7b0a4833905280a740,Biogen,https://raw.githubusercontent.com/molecularinformatics/Computational-ADME/b00df003de117ce9e5b381afd886095c5f2af2d5/LICENSE,"{""commit"": ""b00df003de117ce9e5b381afd886095c5f2af2d5"", ""repository"": ""molecularinformatics/Computational-ADME""}"
4409,OBSERVED,data/raw/biogen/README.md,https://raw.githubusercontent.com/molecularinformatics/Computational-ADME/b00df003de117ce9e5b381afd886095c5f2af2d5/README.md,"{""Content-Type"": ""text/plain; charset=utf-8"", ""ETag"": ""\""3ca8c903b86d88493acbd628a13a0375f55c57a467357eafb5bbb588ce6a46d1\"""", ""Last-Modified"": null}",support,,2026-09-16T17:41:31.888617+00:00,source documentation/archive; not a dataset table,056e4811aa4c0e6ca096b8d1ae5d33a5d91f3ba02d1aad1ebce0d779c67be425,Biogen,https://raw.githubusercontent.com/molecularinformatics/Computational-ADME/b00df003de117ce9e5b381afd886095c5f2af2d5/README.md,"{""commit"": ""b00df003de117ce9e5b381afd886095c5f2af2d5"", ""repository"": ""molecularinformatics/Computational-ADME""}"
5371,OBSERVED,data/raw/biogen/source_commit.json,https://api.github.com/repos/molecularinformatics/Computational-ADME/commits/main,"{""Content-Type"": ""application/json; charset=utf-8"", ""ETag"": ""W/\""e36ca9572d6c02a0b1cb8e7676d7a8543097b743a83471e5c94723e55993399c\"""", ""Last-Modified"": ""Tue, 13 Feb 2024 00:11:10 GMT""}",support,1,2026-09-16T17:41:30.667946+00:00,"[""author"", ""comments_url"", ""commit"", ""committer"", ""files"", ""html_url"", ""node_id"", ""parents"", ""sha"", ""stats"", ""url""]",e36ca9572d6c02a0b1cb8e7676d7a8543097b743a83471e5c94723e55993399c,Biogen,https://api.github.com/repos/molecularinformatics/Computational-ADME/commits/main,
1474958,OBSERVED,data/raw/chembl/CHEMBL3301370_activities_00000.json,https://www.ebi.ac.uk/chembl/api/data/activity.json?assay_chembl_id=CHEMBL3301370&limit=1000&offset=0&order_by=activity_id,"{""Content-Type"": ""application/json"", ""ETag"": null, ""Last-Modified"": null}",dataset,1000,2026-09-16T17:41:12.200208+00:00,"[""action_type"", ""activity_comment"", ""activity_id"", ""activity_properties"", ""assay_chembl_id"", ""assay_description"", ""assay_type"", ""assay_variant_accession"", ""assay_variant_mutation"", ""bao_endpoint"", ""bao_format"", ""bao_label"", ""canonical_smiles"", ""data_validity_comment"", ""data_validity_description"", ""document_chembl_id"", ""document_journal"", ""document_year"", ""ligand_efficiency"", ""modality"", ""molecule_chembl_id"", ""molecule_pref_name"", ""parent_molecule_chembl_id"", ""pchembl_value"", ""potential_duplicate"", ""qudt_units"", ""record_id"", ""relation"", ""src_id"", ""standard_flag"", ""standard_relation"", ""standard_text_value"", ""standard_type"", ""standard_units"", ""standard_upper_value"", ""standard_value"", ""target_chembl_id"", ""target_organism"", ""target_pref_name"", ""target_tax_id"", ""text_value"", ""toid"", ""type"", ""units"", ""uo_units"", ""upper_value"", ""value""]",657618e353b9795fd7fabb1a4086d7b936709059bbfdcbe689b0f87309e16d43,CHEMBL3301370,https://www.ebi.ac.uk/chembl/api/data/activity.json?assay_chembl_id=CHEMBL3301370&limit=1000&offset=0&order_by=activity_id,"{""activities"": 24527044, ""chembl_db_version"": ""ChEMBL_37"", ""chembl_release_date"": ""2026-05-01"", ""compound_records"": 3824604, ""disinct_compounds"": 2921148, ""publications"": 101100, ""status"": ""UP"", ""targets"": 18552}"
150154,OBSERVED,data/raw/chembl/CHEMBL3301370_activities_01000.json,https://www.ebi.ac.uk/chembl/api/data/activity.json?assay_chembl_id=CHEMBL3301370&limit=1000&offset=1000&order_by=activity_id,"{""Content-Type"": ""application/json"", ""ETag"": null, ""Last-Modified"": null}",dataset,102,2026-09-16T17:41:13.491221+00:00,"[""action_type"", ""activity_comment"", ""activity_id"", ""activity_properties"", ""assay_chembl_id"", ""assay_description"", ""assay_type"", ""assay_variant_accession"", ""assay_variant_mutation"", ""bao_endpoint"", ""bao_format"", ""bao_label"", ""canonical_smiles"", ""data_validity_comment"", ""data_validity_description"", ""document_chembl_id"", ""document_journal"", ""document_year"", ""ligand_efficiency"", ""modality"", ""molecule_chembl_id"", ""molecule_pref_name"", ""parent_molecule_chembl_id"", ""pchembl_value"", ""potential_duplicate"", ""qudt_units"", ""record_id"", ""relation"", ""src_id"", ""standard_flag"", ""standard_relation"", ""standard_text_value"", ""standard_type"", ""standard_units"", ""standard_upper_value"", ""standard_value"", ""target_chembl_id"", ""target_organism"", ""target_pref_name"", ""target_tax_id"", ""text_value"", ""toid"", ""type"", ""units"", ""uo_units"", ""upper_value"", ""value""]",df8720b582563b8d04c1029aedb5fc5ced7614d3c190e912ac4bab67140ac46e,CHEMBL3301370,https://www.ebi.ac.uk/chembl/api/data/activity.json?assay_chembl_id=CHEMBL3301370&limit=1000&offset=1000&order_by=activity_id,"{""activities"": 24527044, ""chembl_db_version"": ""ChEMBL_37"", ""chembl_release_date"": ""2026-05-01"", ""compound_records"": 3824604, ""disinct_compounds"": 2921148, ""publications"": 101100, ""status"": ""UP"", ""targets"": 18552}"
1085,OBSERVED,data/raw/chembl/CHEMBL3301370_assay.json,https://www.ebi.ac.uk/chembl/api/data/assay/CHEMBL3301370.json,"{""Content-Type"": ""application/json"", ""ETag"": null, ""Last-Modified"": null}",support,1,2026-09-16T17:41:07.153389+00:00,"[""aidx"", ""assay_category"", ""assay_cell_type"", ""assay_chembl_id"", ""assay_classifications"", ""assay_group"", ""assay_organism"", ""assay_parameters"", ""assay_strain"", ""assay_subcellular_fraction"", ""assay_tax_id"", ""assay_test_type"", ""assay_tissue"", ""assay_type"", ""assay_type_description"", ""bao_format"", ""bao_label"", ""cell_chembl_id"", ""confidence_description"", ""confidence_score"", ""description"", ""document_chembl_id"", ""relationship_description"", ""relationship_type"", ""src_assay_id"", ""src_id"", ""target_chembl_id"", ""tissue_chembl_id"", ""variant_sequence""]",b47f19c67e3c144b3b53569f1be1c5478a4c9c84cc2d096f7e165a064206d624,CHEMBL3301370,https://www.ebi.ac.uk/chembl/api/data/assay/CHEMBL3301370.json,"{""activities"": 24527044, ""chembl_db_version"": ""ChEMBL_37"", ""chembl_release_date"": ""2026-05-01"", ""compound_records"": 3824604, ""disinct_compounds"": 2921148, ""publications"": 101100, ""status"": ""UP"", ""targets"": 18552}"
1251418,OBSERVED,data/raw/chembl/CHEMBL3301371_activities_00000.json,https://www.ebi.ac.uk/chembl/api/data/activity.json?assay_chembl_id=CHEMBL3301371&limit=1000&offset=0&order_by=activity_id,"{""Content-Type"": ""application/json"", ""ETag"": null, ""Last-Modified"": null}",dataset,837,2026-09-16T17:41:20.328060+00:00,"[""action_type"", ""activity_comment"", ""activity_id"", ""activity_properties"", ""assay_chembl_id"", ""assay_description"", ""assay_type"", ""assay_variant_accession"", ""assay_variant_mutation"", ""bao_endpoint"", ""bao_format"", ""bao_label"", ""canonical_smiles"", ""data_validity_comment"", ""data_validity_description"", ""document_chembl_id"", ""document_journal"", ""document_year"", ""ligand_efficiency"", ""modality"", ""molecule_chembl_id"", ""molecule_pref_name"", ""parent_molecule_chembl_id"", ""pchembl_value"", ""potential_duplicate"", ""qudt_units"", ""record_id"", ""relation"", ""src_id"", ""standard_flag"", ""standard_relation"", ""standard_text_value"", ""standard_type"", ""standard_units"", ""standard_upper_value"", ""standard_value"", ""target_chembl_id"", ""target_organism"", ""target_pref_name"", ""target_tax_id"", ""text_value"", ""toid"", ""type"", ""units"", ""uo_units"", ""upper_value"", ""value""]",c6a101aba9d6e9010cbab9dd26daf7523929b6ce3dd19ea2e6625e8bcaf40f24,CHEMBL3301371,https://www.ebi.ac.uk/chembl/api/data/activity.json?assay_chembl_id=CHEMBL3301371&limit=1000&offset=0&order_by=activity_id,"{""activities"": 24527044, ""chembl_db_version"": ""ChEMBL_37"", ""chembl_release_date"": ""2026-05-01"", ""compound_records"": 3824604, ""disinct_compounds"": 2921148, ""publications"": 101100, ""status"": ""UP"", ""targets"": 18552}"
1133,OBSERVED,data/raw/chembl/CHEMBL3301371_assay.json,https://www.ebi.ac.uk/chembl/api/data/assay/CHEMBL3301371.json,"{""Content-Type"": ""application/json"", ""ETag"": null, ""Last-Modified"": null}",support,1,2026-09-16T17:41:13.721451+00:00,"[""aidx"", ""assay_category"", ""assay_cell_type"", ""assay_chembl_id"", ""assay_classifications"", ""assay_group"", ""assay_organism"", ""assay_parameters"", ""assay_strain"", ""assay_subcellular_fraction"", ""assay_tax_id"", ""assay_test_type"", ""assay_tissue"", ""assay_type"", ""assay_type_description"", ""bao_format"", ""bao_label"", ""cell_chembl_id"", ""confidence_description"", ""confidence_score"", ""description"", ""document_chembl_id"", ""relationship_description"", ""relationship_type"", ""src_assay_id"", ""src_id"", ""target_chembl_id"", ""tissue_chembl_id"", ""variant_sequence""]",43c82c98ae5083645d7a560ab7269b808f4185fe4bd912073ebcf642bfe84cb0,CHEMBL3301371,https://www.ebi.ac.uk/chembl/api/data/assay/CHEMBL3301371.json,"{""activities"": 24527044, ""chembl_db_version"": ""ChEMBL_37"", ""chembl_release_date"": ""2026-05-01"", ""compound_records"": 3824604, ""disinct_compounds"": 2921148, ""publications"": 101100, ""status"": ""UP"", ""targets"": 18552}"
610243,OBSERVED,data/raw/chembl/CHEMBL3301372_activities_00000.json,https://www.ebi.ac.uk/chembl/api/data/activity.json?assay_chembl_id=CHEMBL3301372&limit=1000&offset=0&order_by=activity_id,"{""Content-Type"": ""application/json"", ""ETag"": null, ""Last-Modified"": null}",dataset,408,2026-09-16T17:41:24.403727+00:00,"[""action_type"", ""activity_comment"", ""activity_id"", ""activity_properties"", ""assay_chembl_id"", ""assay_description"", ""assay_type"", ""assay_variant_accession"", ""assay_variant_mutation"", ""bao_endpoint"", ""bao_format"", ""bao_label"", ""canonical_smiles"", ""data_validity_comment"", ""data_validity_description"", ""document_chembl_id"", ""document_journal"", ""document_year"", ""ligand_efficiency"", ""modality"", ""molecule_chembl_id"", ""molecule_pref_name"", ""parent_molecule_chembl_id"", ""pchembl_value"", ""potential_duplicate"", ""qudt_units"", ""record_id"", ""relation"", ""src_id"", ""standard_flag"", ""standard_relation"", ""standard_text_value"", ""standard_type"", ""standard_units"", ""standard_upper_value"", ""standard_value"", ""target_chembl_id"", ""target_organism"", ""target_pref_name"", ""target_tax_id"", ""text_value"", ""toid"", ""type"", ""units"", ""uo_units"", ""upper_value"", ""value""]",a1d5c17f98a34e3f4c5d1816c67ff97bb37c1722b66cb9a5a0ec348b3877ff90,CHEMBL3301372,https://www.ebi.ac.uk/chembl/api/data/activity.json?assay_chembl_id=CHEMBL3301372&limit=1000&offset=0&order_by=activity_id,"{""activities"": 24527044, ""chembl_db_version"": ""ChEMBL_37"", ""chembl_release_date"": ""2026-05-01"", ""compound_records"": 3824604, ""disinct_compounds"": 2921148, ""publications"": 101100, ""status"": ""UP"", ""targets"": 18552}"
1101,OBSERVED,data/raw/chembl/CHEMBL3301372_assay.json,https://www.ebi.ac.uk/chembl/api/data/assay/CHEMBL3301372.json,"{""Content-Type"": ""application/json"", ""ETag"": null, ""Last-Modified"": null}",support,1,2026-09-16T17:41:20.588721+00:00,"[""aidx"", ""assay_category"", ""assay_cell_type"", ""assay_chembl_id"", ""assay_classifications"", ""assay_group"", ""assay_organism"", ""assay_parameters"", ""assay_strain"", ""assay_subcellular_fraction"", ""assay_tax_id"", ""assay_test_type"", ""assay_tissue"", ""assay_type"", ""assay_type_description"", ""bao_format"", ""bao_label"", ""cell_chembl_id"", ""confidence_description"", ""confidence_score"", ""description"", ""document_chembl_id"", ""relationship_description"", ""relationship_type"", ""src_assay_id"", ""src_id"", ""target_chembl_id"", ""tissue_chembl_id"", ""variant_sequence""]",09fc55181a27e69d8619fd3f03b44d816691782ddff471bee0de551bf07ca902,CHEMBL3301372,https://www.ebi.ac.uk/chembl/api/data/assay/CHEMBL3301372.json,"{""activities"": 24527044, ""chembl_db_version"": ""ChEMBL_37"", ""chembl_release_date"": ""2026-05-01"", ""compound_records"": 3824604, ""disinct_compounds"": 2921148, ""publications"": 101100, ""status"": ""UP"", ""targets"": 18552}"
212,OBSERVED,data/raw/chembl/status.json,https://www.ebi.ac.uk/chembl/api/data/status.json,"{""Content-Type"": ""application/json"", ""ETag"": null, ""Last-Modified"": null}",support,1,2026-09-16T17:41:06.968554+00:00,"[""activities"", ""chembl_db_version"", ""chembl_release_date"", ""compound_records"", ""disinct_compounds"", ""publications"", ""status"", ""targets""]",29dc1fb09487a8d2962253a4d0d92c4ded0aa0d831effab42445d0c3483d4740,ChEMBL,https://www.ebi.ac.uk/chembl/api/data/status.json,
91565,OBSERVED,data/raw/tdc/clearance_hepatocyte_az.tab,https://dvn-cloud-iqss.s3.amazonaws.com/10.7910/DVN/21LKWG/17677e93bfc-58ea7300f15b?response-content-disposition=attachment%3B%20filename%2A%3DUTF-8%27%27clearance_hepatocyte_az.tab&response-content-type=text%2Ftab-separated-values&X-Amz-Algorithm=AWS4-HMAC-SHA256&X-Amz-Date=20260916T174128Z&X-Amz-SignedHeaders=host&X-Amz-Credential=AKIAZT3GWQ6FKBSH5I56%2F20260916%2Fus-east-1%2Fs3%2Faws4_request&X-Amz-Expires=3600&X-Amz-Signature=ee88d4ba617e205291183cc7acff1bcaab4ed2e31baa72d629f3d2e9446fb724,"{""Content-Type"": ""text/tab-separated-values"", ""ETag"": ""\""7036ab2a23f6db37843d0ecc072bbddc\"""", ""Last-Modified"": ""Sun, 15 Feb 2026 20:09:13 GMT""}",dataset,1213,2026-09-16T17:41:29.439504+00:00,"[""ID"", ""X"", ""Y""]",2c217f46600c22e107b72faa2bfb1d9bf799213aee47b601f6e0d6d73b68f274,clearance_hepatocyte_az,https://dataverse.harvard.edu/api/access/datafile/4266187,"{""PyTDC"": ""1.1.15"", ""dataverse_file_id"": 4266187, ""method"": ""Direct byte download using exact sdist name2id registry; PyTDC is not installed or invoked.""}"
72,OBSERVED,data/raw/tdc/clearance_hepatocyte_az_metadata.json,https://dataverse.harvard.edu/api/files/4266187/metadata,"{""Content-Type"": ""text/plain;charset=UTF-8"", ""ETag"": null, ""Last-Modified"": null}",support,1,2026-09-16T17:41:30.002709+00:00,"[""id"", ""label"", ""restricted""]",8bce3bbf82dad49b4fbb90f9210723de7fb652816485b3da4473a74b1e480e48,clearance_hepatocyte_az,https://dataverse.harvard.edu/api/files/4266187/metadata,1.1.15
81661,OBSERVED,data/raw/tdc/clearance_microsome_az.tab,https://dvn-cloud-iqss.s3.amazonaws.com/10.7910/DVN/21LKWG/17677e93a32-c1a3f89098fb?response-content-disposition=attachment%3B%20filename%2A%3DUTF-8%27%27clearance_microsome_az.tab&response-content-type=text%2Ftab-separated-values&X-Amz-Algorithm=AWS4-HMAC-SHA256&X-Amz-Date=20260916T174125Z&X-Amz-SignedHeaders=host&X-Amz-Credential=AKIAZT3GWQ6FKBSH5I56%2F20260916%2Fus-east-1%2Fs3%2Faws4_request&X-Amz-Expires=3600&X-Amz-Signature=d9d017dd721ca1a74a1d09279fda91bd9b0e1033be9935deefd0f792c99c075c,"{""Content-Type"": ""text/tab-separated-values"", ""ETag"": ""\""dea064639a6b136e6cca73e384867da5\"""", ""Last-Modified"": ""Sun, 15 Feb 2026 20:09:09 GMT""}",dataset,1102,2026-09-16T17:41:26.513013+00:00,"[""ID"", ""X"", ""Y""]",4c9047dc1860cc05d5bdc09aa9cfef86a40740605c2ff06990b1fceb6085db9d,clearance_microsome_az,https://dataverse.harvard.edu/api/access/datafile/4266186,"{""PyTDC"": ""1.1.15"", ""dataverse_file_id"": 4266186, ""method"": ""Direct byte download using exact sdist name2id registry; PyTDC is not installed or invoked.""}"
71,OBSERVED,data/raw/tdc/clearance_microsome_az_metadata.json,https://dataverse.harvard.edu/api/files/4266186/metadata,"{""Content-Type"": ""text/plain;charset=UTF-8"", ""ETag"": null, ""Last-Modified"": null}",support,1,2026-09-16T17:41:27.433112+00:00,"[""id"", ""label"", ""restricted""]",29ff99f182fc1d47c5a2d9dad6806ef19671d013ab64d4f1157077bbdb5120a5,clearance_microsome_az,https://dataverse.harvard.edu/api/files/4266186/metadata,1.1.15
23967,OBSERVED,data/raw/tdc/PyTDC-1.1.15-pypi.json,https://pypi.org/pypi/PyTDC/1.1.15/json,"{""Content-Type"": ""application/json"", ""ETag"": ""\""W91EIKPYZkt780WqnDuA3A\"""", ""Last-Modified"": null}",support,1,2026-09-16T17:41:24.717025+00:00,"[""info"", ""last_serial"", ""ownership"", ""urls"", ""vulnerabilities""]",7ac902ba3b4e22423b070057c72b85958c2053e79f4ef56f661119916985860a,PyTDC,https://pypi.org/pypi/PyTDC/1.1.15/json,1.1.15
154168,OBSERVED,data/raw/tdc/pytdc-1.1.15.tar.gz,https://files.pythonhosted.org/packages/db/bf/db7525f0e9c48d340a66ae11ed46bbb1966234660a6882ce47d1e1d52824/pytdc-1.1.15.tar.gz,"{""Content-Type"": ""application/octet-stream"", ""ETag"": ""\""17ffbbe906c2f47c91f5300e132a2b0a\"""", ""Last-Modified"": ""Mon, 31 Mar 2025 15:20:17 GMT""}",support,,2026-09-16T17:41:24.948409+00:00,source documentation/archive; not a dataset table,cd6164859af7b9b6f60e0c6d6e50679eacaffd09cfdea1acfc8bb7360e8e2205,PyTDC,https://files.pythonhosted.org/packages/db/bf/db7525f0e9c48d340a66ae11ed46bbb1966234660a6882ce47d1e1d52824/pytdc-1.1.15.tar.gz,1.1.15
