scaffold_key,hash_prefix_32bit,hash_order_1based,all_n,primary_n,dry_run_partition,dry_run_cv_fold
O=C(NCCCCCCNCCc1cccc2ncsc12)Nc1ccccc1,2610878,1,1,1,holdout,
c1cc(Nc2nccc(-c3cncs3)n2)cc(N2CCCCC2)c1,10315159,2,1,1,holdout,
O=C(NCc1nc2ccccc2n1Cc1ccccc1)c1ccccc1,11947071,3,1,0,holdout,
O=C(Nc1cccc(-n2cnc3ccc(N4CCNCC4)cc3c2=O)c1)c1cscn1,14617963,4,1,0,holdout,
O=C(NCC1CCCCC1)c1cccc2ncccc12,30216047,5,1,0,holdout,
O=C(c1ccccc1)c1cccs1,39663472,6,2,1,holdout,
O=c1c2c3n(c(=O)cc2[nH]n1-c1ccccc1)CCCN(Cc1ccccc1)C3,40448434,7,1,1,holdout,
c1ccc2sccc2c1,52304617,8,1,1,holdout,
O=C(Nc1cc(-c2ccncc2)c[nH]c1=O)C(Cc1ccccc1)NC1(c2ccccn2)CC1,57746030,9,1,1,holdout,
c1cc(-c2ccc3ncsc3c2)ccn1,58885678,10,1,1,holdout,
c1ccc(-c2cncc(-c3cccnc3)c2)cc1,61143121,11,1,1,holdout,
O=C1Cc2cc3n(c(=O)c2CO1)Cc1cc2cc(OC(=O)N4CCC(N5CCCCC5)CC4)ccc2nc1-3,61957819,12,1,1,holdout,
c1ccc(-c2cccc(-c3nccs3)c2)cc1,65085809,13,1,1,holdout,
c1ccc(COc2ccccc2)cc1,76285238,14,7,2,holdout,
c1ccc(Sc2c[nH]c3ccc(-c4ccccc4)cc23)cc1,76785825,15,1,1,holdout,
O=c1ccc2cc3ccoc3cc2o1,79816880,16,1,1,holdout,
c1ccc2nc(Cc3c[nH]c4ccccc34)ccc2c1,80514341,17,1,0,holdout,
c1ccc(CCN2CCC(CN3CCC(Oc4ccccc4)CC3)CC2)cc1,100960103,18,23,6,holdout,
c1ccc(Sc2c[nH]c3cccc(-c4cnccn4)c23)cc1,101475528,19,1,1,holdout,
O=C(c1ccoc1)N(Cc1ccccc1)c1ccccc1,119635420,20,1,1,holdout,
O=C(Nc1cccc(Nc2ccnc(OC3CCNCC3)n2)c1)c1cccc(N2CCOCC2)c1,120632599,21,1,1,holdout,
O=C(NCc1nc2ccccc2[nH]1)c1cccs1,127627064,22,1,1,holdout,
O=c1[nH]c(=O)c2cc(Cc3ccccc3)sc2[nH]1,133221017,23,1,1,holdout,
c1ccc(-c2n[nH]c(C3CCNCC3)c2-c2ccncn2)cc1,136058860,24,1,0,holdout,
c1csc(Cc2ccc3cccnc3c2)c1,136734766,25,1,1,holdout,
O=c1[nH]c2cccc(CCNCCc3cccc(CCNCc4ccccc4)c3)c2s1,140387764,26,1,1,holdout,
c1ccc(CSc2ncc3nccnc3n2)cc1,147806462,27,1,1,holdout,
O=c1cc[nH]c2ncccc12,148671195,28,1,1,holdout,
O=C(NC1CNC1=O)C(=NOCc1cc(=O)cc[nH]1)c1cscn1,154038121,29,1,1,holdout,
c1ccc(-c2c[nH]c3ccccc23)cc1,163589232,30,1,1,holdout,
O=C(NCCCN1CCC(Oc2ccccc2)CC1)c1n[nH]c(=O)c2ccccc12,164795950,31,1,0,holdout,
c1c[nH+]cc(CNc2cc(N3CCCCC3)nc3ccnn23)c1,165197582,32,1,0,holdout,
O=C(CC(c1ccccc1)c1ccc2c(c1)OCO2)N1CCCCC1,177478038,33,1,0,holdout,
O=c1[nH]c2cccc(CCNC3CCCC3OCc3ccccc3)c2s1,177948315,34,1,1,holdout,
O=C(NC1CC1)c1cn(-c2cccc(C#Cc3cccnc3)c2)c2ncccc2c1=O,179468790,35,1,1,holdout,
O=S(=O)(c1ccccc1)N1Bc2ccccc2C=N1,200167508,36,1,1,holdout,
O=C(C1CCN(c2nnc(-n3cccc3)s2)CC1)N1CCN(Cc2ccc3c(c2)OCO3)CC1,200434533,37,1,0,holdout,
O=S(=O)(NCC1CCC(CNc2ncc3ccccc3n2)CC1)c1ccccc1,207261152,38,1,1,holdout,
O=C(NCc1ccc2c(c1)OCO2)c1ccc2ncc(NCc3cccs3)n2c1,214942965,39,1,0,holdout,
c1ccc(CCNCC23CC4CC(CC(C4)C2)C3)cc1,216065310,40,1,1,holdout,
O=C(CSc1nnc(-c2ccccc2)o1)N1CCN(C(=O)c2ccco2)CC1,222267877,41,1,1,holdout,
O=C(c1ccccc1)N1CCN(Cc2ccccc2)CC1,237233261,42,2,2,holdout,
O=C(Cc1ccccc1)NC1CCN(CCC(c2ccccc2)c2ccccc2)CC1,243742898,43,20,14,holdout,
O=C(NCCCN1CCC(Oc2ccccc2)CC1)c1c[nH]c2ccccc12,246608053,44,1,0,holdout,
O=C(OC1C[N+]2(Cc3nc(-c4ccccc4)no3)CCC1CC2)C(c1ccccc1)N1CCCCC1,251080641,45,1,1,holdout,
c1ncc2nnn(C3CCCC3)c2n1,254564609,46,1,1,holdout,
c1ccc(OCc2ccno2)nc1,260307931,47,1,0,holdout,
O=C(Cc1ccccc1)NCCN1CCCC1,269707111,48,1,0,holdout,
O=c1c2cc(Oc3ccccc3)ccc2ncn1CC1CCCNC1,271350573,49,1,1,holdout,
O=c1c2cc(N3CCNCC3)ccc2ncn1-c1ccccc1,275089476,50,1,0,holdout,
O=C(NS(=O)(=O)c1ccccc1)N1CCC(N2CCC(Oc3ccccc3)CC2)CC1,280435016,51,17,8,holdout,
O=C1NC(=O)C(c2c[nH]c3ccccc23)=C1c1ccccc1,283739531,52,1,1,holdout,
O=C(c1ccccc1)c1ccccc1,288776438,53,2,0,holdout,
c1coc(Cn2ccc3ccccc32)c1,294767885,54,1,0,holdout,
O=C(NCc1ccccc1)c1ccc2cccnc2c1,299572874,55,1,1,holdout,
O=c1[nH]c2cccc(CCNCCSCCCNCCc3ccccc3)c2s1,301307990,56,6,6,holdout,
O=C(Nc1cccc2cccnc12)C1CCC(N2C(=O)C3C4CCC(C4)C3C2=O)CC1,309467168,57,1,1,holdout,
O=C(NS(=O)(=O)N1CCC(N2CCC(Oc3ccccc3)CC2)CC1)c1ccccc1,318743063,58,1,1,holdout,
O=C(Nc1nc2c(=O)[nH]cnc2s1)c1ccccc1,323272267,59,1,0,holdout,
O=C(Cc1ccccc1)Nc1nnc(CCSCCc2nncs2)s1,325435500,60,1,1,holdout,
c1ccccc1,332058716,61,18,10,holdout,
O=C(NCCCN1CCC(Oc2ccccc2)CC1)c1n[nH]c2ccccc12,332539960,62,1,0,holdout,
O=C(OC1C[N+]2(CCc3ccccc3)CCC1CC2)C(c1ccccc1)N1CCCCC1,334652023,63,2,2,holdout,
O=C1Nc2cccnc2N(C(=O)CN2CCNCC2)c2ccccc21,340530742,64,1,0,holdout,
C(=Cc1nnc(-c2ccccn2)n1-c1ccccc1)c1nnc(-c2ccccc2)o1,345380836,65,1,0,holdout,
O=C(COc1ccccc1)N1CCN(Cc2ccccc2)CC1,346249080,66,1,1,holdout,
O=C(CNc1ccccc1)Nc1cccc2nc(N3CCCC3)ccc12,350508861,67,1,1,holdout,
c1ccn2c(-c3ccncn3)cnc2c1,354519879,68,1,1,holdout,
O=c1[nH]c2cccc(CCNCCCOCCOCCc3cccc4ccccc34)c2s1,377797593,69,1,1,holdout,
c1ccc(-c2nnc(C34CCC(c5noc(-c6ccccc6)n5)(CC3)CC4)[nH]2)cc1,378245949,70,1,0,holdout,
O=c1[nH]c2nc(Nc3ccccc3)ncc2cc1-c1ccccc1,385409810,71,1,1,holdout,
c1csc(-c2ccsc2)c1,391168144,72,1,1,holdout,
O=C(NCC[NH2+]CCCc1ccccc1)c1cnccn1,398854266,73,1,1,holdout,
O=c1ccc2c(-c3ccc(-c4ccccc4)cc3)csc2[nH]1,400277724,74,1,0,holdout,
O=C(NCCCN1CCC(Oc2ccccc2)CC1)n1c(=O)[nH]c2ccccc21,401215473,75,1,0,holdout,
O=C(Nc1ccccc1)C1Cc2ccccc2CN1Cc1ccccc1,402225645,76,1,1,holdout,
O=S(=O)(Nc1ccccc1Oc1ccccc1)c1ccc(C2CC2)cc1,430026201,77,1,0,holdout,
O=c1[nH]c2nc(SCc3ccco3)ncc2s1,440687585,78,1,1,holdout,
O=C(NS(=O)(=O)c1ccc(Oc2ccccc2)cc1)c1cccc(-c2ccccc2)c1,446264234,79,1,1,holdout,
c1ccc(CN2CCC(N3CCN(c4ccccn4)CC3)CC2)cc1,446559004,80,1,1,holdout,
O=C(NCCCSCC1CCC(n2cnc3cncnc32)O1)NCc1ccccc1,455875348,81,1,1,holdout,
O=C(Nc1cccc(-n2cnc3ccc(N4CCNCC4)cc3c2=O)c1)C1CC1,458200624,82,1,1,holdout,
O=C(COc1ccnc2ccccc12)NCc1ccccc1,461399644,83,2,1,holdout,
O=C(CNC(=O)c1ccon1)CC(Cc1ccccc1)C(=O)NCCC1CCNC1=O,462123225,84,1,1,holdout,
c1ccc(-c2cccc(COc3ccc4c(c3)OCC4)c2)cc1,496879899,85,1,1,holdout,
O=C(NCc1ccc(Nc2ncc3cc(-c4ccncc4)ccc3n2)cc1)C1CCNCC1,510744761,86,1,1,holdout,
O=C(CC12CC3CC(CC(C3)C1)C2)Nc1cccc2c(=O)[nH]ccc12,513302743,87,1,1,holdout,
O=C(OC1C[N+]2(Cc3cc(-c4ccccc4)on3)CCC1CC2)C(c1ccccc1)N1CCCCC1,521617029,88,1,0,holdout,
O=C(Nc1cccc(-n2cnc3ccc(N4CCNCC4)cc3c2=O)c1)c1ccno1,525551747,89,1,0,holdout,
O=c1ccoc2c(C3C=CNC=C3)cccc12,530127071,90,1,0,holdout,
O=C(CCOCCc1ccccc1)NCCNCCc1cccc2ncsc12,535884203,91,3,2,holdout,
c1ccc(-c2ncoc2-c2ccc3nncn3c2)cc1,537489830,92,1,0,holdout,
c1ccc(-c2cnc3ccc(NC4CCOCC4)nn23)cc1,540815292,93,1,1,holdout,
O=C(c1ccccc1)N1CCC2(CCN(Cc3ccccc3)CC2)CC1,548996601,94,2,2,holdout,
c1coc(CSc2ncc3scnc3n2)c1,561840217,95,1,1,holdout,
O=C(Nc1ccccc1)C1c2ccccc2CCN1Cc1ccccc1,570822592,96,1,1,holdout,
O=C(NC1CCCCC1)c1cnn(-c2ccccc2)c1NS(=O)(=O)c1ccccc1,572025463,97,6,6,holdout,
O=c1[nH]c2cccc(CCNCCc3cccc(CN4CCC(c5ccccc5)CC4)c3)c2s1,573515297,98,1,1,holdout,
O=C(NCc1cccnc1)c1cc(-c2ccco2)on1,576530920,99,1,1,holdout,
c1ccc(Cc2cn[nH]c2)cc1,577805894,100,1,1,holdout,
O=S(=O)(Nc1ccno1)c1ccccc1,582385379,101,1,0,holdout,
N=C(Nc1ccc2c(c1)CCCN2CCC1CCCN1)c1cccs1,583972752,102,1,1,holdout,
c1ccc(Cc2cnc(-c3ccccn3)nc2)cc1,594192684,103,1,1,holdout,
C1=Cc2ccccc2Nc2ccccc21,596227441,104,1,1,holdout,
O=C(NC1CCCC1)C(Nc1ccccc1)c1ccccc1,609922488,105,1,0,holdout,
O=S(=O)(Nc1ccnn1-c1ccccc1)c1cccc(CN2CCOCC2)c1,613788027,106,1,1,holdout,
c1ccc(COc2ccc3c(ccn3Cc3ccc(-c4cccnc4)cc3)c2)nc1,616182609,107,1,1,holdout,
O=c1[nH]c2cccc(CCNCCc3cccc(CNCCc4ccccc4)c3)c2s1,627822820,108,4,4,holdout,
O=C(CCc1ccccc1)Nc1ccccc1,635546404,109,1,1,holdout,
O=C(NCC12CC3CC(CC(C3)C1)C2)c1cccc(-c2ccccc2)c1,641449589,110,1,1,holdout,
c1ncc2ncn(C3CCCO3)c2n1,646650320,111,1,1,holdout,
O=S(=O)(Nc1ccccn1)c1ccccc1,651308448,112,1,0,holdout,
c1nc(CSc2ncc3scnc3n2)cs1,654390751,113,1,0,holdout,
c1ccc(Nc2ccnc(Nc3ccccc3)n2)cc1,659724439,114,3,3,holdout,
O=S1(=O)CCC(N2CC(Oc3nc4c(N5CCOCC5)nc(-n5cnc6ccccc65)nc4[nH]3)C2)CC1,664219970,115,1,1,holdout,
c1ccc(-c2ccccc2)cc1,668650274,116,32,12,holdout,
O=C(NC(C(=O)Nc1ccccc1)c1cccs1)c1ccccc1,674396584,117,1,1,cv,0
O=C(Nc1ccccc1)Nc1ccccc1CN1CCC(Cc2ccccc2)CC1,676425635,118,1,1,cv,1
O=C(NCc1cccc(Cn2nc(NS(=O)(=O)c3cccs3)c3ccccc32)c1)C1COCCN1,684486803,119,2,2,cv,2
c1ccc(Nc2ccnc(Nc3cccc(N4CCOCC4)c3)n2)cc1,691485464,120,1,0,cv,3
O=C(NC1CCC2CCNC21)c1cccc2ccccc12,715417016,121,1,1,cv,3
c1ccc(-c2ccccc2-c2ccccc2)cc1,716200296,122,1,0,cv,4
O=C(CCc1cnc2ncnn2c1)Nc1ccccc1,716750626,123,2,1,cv,4
c1ccc(OC2CCN(CC3CCN(c4ccccc4)CC3)CC2)cc1,718992279,124,8,4,cv,0
c1ccc(CNCCOc2ccccc2-c2cccs2)cc1,722392908,125,1,0,cv,1
O=C(NCC12CC3CC(CC(C3)C1)C2)c1cccc(CN2CCNCC2)c1,730690776,126,1,1,cv,1
c1ccc(COc2cccc3sccc23)cc1,730815131,127,1,1,cv,3
O=c1[nH]c2cccc(CCNCCCSCCNCCc3ccccc3)c2s1,741540730,128,3,3,cv,4
O=C(CC1CCCCCC1)Nc1cccc2c(=O)n(C3CCNC3)ccc12,742374944,129,1,0,cv,1
c1ccc(-c2[nH]nc3ccccc23)cc1,758295219,130,1,0,cv,1
O=C1CC2CC(SC3CN(C4=NCCS4)C3)=CN12,769398059,131,2,1,cv,1
c1ccc(CNc2ccc3c(c2)CCC3)cc1,771924284,132,1,1,cv,2
O=C(Nc1ccccc1)Nc1cccc2[nH]nnc12,779376759,133,1,1,cv,3
O=C(NCC1CCCCCC1)c1cccc(-n2ncc(=O)[nH]c2=O)c1,779638219,134,2,1,cv,1
c1ccc(-c2cc3ccccc3cn2)nc1,782991251,135,1,1,cv,2
O=C1COC2(CCN(S(=O)(=O)c3ccc(-c4ccc5cccnc5c4)cc3)CC2)CN1C1CC1,811436440,136,1,1,cv,3
O=C(NCCCN1CCC(Oc2ccccc2)CC1)c1cnnc2ccccc12,824368244,137,1,1,cv,1
O=C(CSc1ncccn1)Nc1ccon1,826511839,138,1,0,cv,2
c1ccc(CN2CCc3sccc3C2)cc1,831066987,139,2,1,cv,2
O=C(CNC(=O)c1ccc2ccccc2n1)NC(CCN1CCC2CCCCC2C1)Cc1ccccc1,831798303,140,1,0,cv,3
c1ccc(Cn2cnc3cnc4ccccc4c32)cc1,864020578,141,3,1,cv,3
O=c1c(NCc2ccco2)c(Nc2ccccc2)c1=O,870308870,142,1,0,cv,4
O=c1cnc2cnc(SCc3ccccc3)nc2[nH]1,876870082,143,1,1,cv,4
O=C1COc2c(CCNCCN(C(=O)CCNCCc3ccccc3)C3CCCCC3)cccc2N1,889917824,144,1,1,cv,0
O=c1[nH]c2cccc(CCNCCS(=O)(=O)CCCOCCc3ccccc3)c2s1,890893190,145,1,1,cv,1
c1ccc(CCOCCCOCCNCCc2cccc3ncsc23)cc1,903031040,146,1,1,cv,2
O=S1(=O)CCC(n2nccc2NS(=O)(=O)c2ccccc2)CC1,903899862,147,1,0,cv,3
O=C(Nc1ccccc1)c1coc(-c2ccccc2)c1,913927765,148,1,1,cv,3
c1cc(CCCCNc2cccc3ncccc23)c2c(c1)CCO2,915856886,149,1,0,cv,4
c1ccc(Sc2ccc3ccccc3n2)cc1,920966520,150,1,1,cv,4
c1ccc2c(c1)NCc1cc3c(cc1-2)OCO3,929562394,151,1,1,cv,0
O=C(CSc1nnc(-c2ccco2)[nH]1)Nc1ccon1,952489144,152,1,0,cv,1
O=S(=O)(Nc1ccnn1-c1ccccc1)C1CCCC1,959563724,153,1,0,cv,1
c1ccoc1,970110503,154,1,0,cv,1
c1ccc(CN2CCC(N3CCC(Oc4ccccc4)CC3)CC2)cc1,970158294,155,1,1,cv,1
O=S(=O)(Nc1ccnn1-c1ccccc1)c1cccnc1,971359409,156,1,0,cv,2
c1cc(NC2CNC2)nc(-c2cnc3ccccn23)c1,979804077,157,1,0,cv,2
c1ccc(-c2nccs2)cc1,994374242,158,1,0,cv,2
c1ccc(CN2CCOC(CN3CCC(Oc4ccccc4)CC3)C2)cc1,995080934,159,1,0,cv,2
O=C(CSc1ncccn1)Nc1nc(-c2ccccc2)cs1,1002104750,160,1,1,cv,2
c1ccc([SH+]c2ccc3nnnn3n2)cc1,1034468840,161,1,0,cv,3
c1ccc(Nc2nccc(NC3CC3)n2)cc1,1037333567,162,1,1,cv,3
c1ccc(Nc2ncnc3ccccc23)cc1,1042921487,163,1,1,cv,4
O=S(=O)(Nc1ccccc1)c1cccc(-c2cnccn2)c1,1059303176,164,1,1,cv,0
c1cc(-c2cc(-c3ncc(CN4CCNCC4)o3)c3cn[nH]c3c2)c2cc[nH]c2c1,1060798314,165,1,1,cv,1
O=C(CSc1nnc2ccc3ccccc3n12)N1CCN(C(=O)c2ccco2)CC1,1064074909,166,2,1,cv,2
__ACYCLIC__,1071124969,167,1,1,cv,3
O=C(Cc1cccc(CCNCCc2ccccc2)c1)NC12CC3CC(CC(C3)C1)C2,1086953651,168,1,1,cv,4
c1ccc(Sc2c[nH]c3cccnc23)cc1,1091354224,169,1,1,cv,0
O=C(NCC1CCCCCC1)c1cccc(-c2cc[nH]n2)c1,1094418399,170,2,1,cv,1
O=C(C1CCN(c2nnc(-n3cccc3)s2)CC1)N1CCc2ccccc2C1,1103489041,171,1,1,cv,2
O=C(NC1CC1)c1cccc(-c2ccc(C(=O)NCC3CC3)nc2)c1,1109633871,172,1,0,cv,3
O=S(=O)(Nc1ccnn1C1CCC1)c1ccccc1,1110662146,173,1,1,cv,3
c1ccc2cc(Nc3ncnc4ccccc34)ncc2c1,1112371384,174,1,1,cv,4
O=C(C[N+]12CCC(CC1)C(OC(=O)C(c1ccccc1)N1CCCCC1)C2)Nc1ccncn1,1126439545,175,1,1,cv,0
O=C1c2c([nH]c3ccccc23)CCC1Cn1ccnc1,1133588979,176,1,1,cv,1
O=C(c1c(Cc2c[nH]c3ccccc23)sc2[nH]c(=O)[nH]c(=O)c12)N1CCCC1,1137236740,177,1,1,cv,2
c1ccc(-c2ccccc2-c2nnn[nH]2)cc1,1142572882,178,1,0,cv,3
O=C(Cc1ccccc1)NC1CCN(CCC(c2ccccc2)C2CCNCC2)CC1,1161130408,179,5,4,cv,3
O=c1[nH]c2cnc3cc(-c4cnoc4)ccc3c2n1Cc1ccccn1,1162108293,180,1,1,cv,4
O=C(NCC12CC3CC(CC(C3)C1)C2)c1cccc2nc(-c3ccccc3)ccc12,1164391052,181,1,1,cv,0
c1ccc2nc(N3CCNCC3)c(Cn3nc(-c4ccc5ncsc5c4)c4cncnc43)cc2c1,1179339633,182,1,1,cv,1
O=c1[nH]c2cccc(CCNCCc3cccc(CNCCc4c[nH]c5ccccc45)c3)c2s1,1192186240,183,1,1,cv,2
O=C1C=C2C(=N1)c1cccc3c(N4CCSCC4)ccc2c13,1194257933,184,1,1,cv,4
O=S(=O)(Nc1ccnn1C1CCSCC1)c1ccccc1,1198813314,185,1,1,cv,0
O=c1[nH]c2cccc(CCNCCSCCCOCCc3ccccc3)c2s1,1199092873,186,1,1,cv,1
O=c1[nH]c2cccc(CCNCCc3ccccc3CNCCc3ccccc3)c2s1,1199551657,187,1,1,cv,2
c1ccc(CSc2ncc3scnc3n2)cc1,1203176640,188,7,5,cv,4
O=C(OC1CC[NH2+]C1)C(c1ccccc1)C1CCCC1,1212558365,189,2,1,cv,0
O=C(CC1CNCCN1c1ccnc(-n2ccnc2)n1)NCc1ccc2c(c1)OCO2,1213614744,190,1,1,cv,1
O=c1cnn(-c2ccccc2)c(=O)[nH]1,1225525073,191,1,1,cv,2
C1=CC(c2ccccc2)C=CN1,1232057043,192,2,1,cv,0
O=c1[nH]c2nc(SCc3cscn3)ncc2s1,1236776271,193,1,0,cv,1
O=C(Cc1ccccc1)NC1CCN(CCC(c2ccccc2)N2CCN(c3ccccc3)CC2)CC1,1237701457,194,1,1,cv,1
O=S(=O)(Nc1nccnc1OCc1ccccc1)c1ccccc1,1252029862,195,1,1,cv,2
O=C(Nc1cccc(-c2nnn[nH]2)c1)c1cccc2[nH]cnc12,1254506532,196,1,1,cv,3
O=C(Nc1cccc(-n2cnc3ccc(N4CCNCC4)cc3c2=O)c1)c1cccc(N2CCOCC2)c1,1260203119,197,1,1,cv,0
c1cn(-c2ccc(Oc3nccc(Oc4ccc5c(c4)OCO5)n3)cc2)cn1,1260851189,198,3,1,cv,1
O=C1CCC(c2ccc3[nH]c(-c4ccccc4)nc3c2)=NN1,1270657947,199,1,1,cv,2
c1ccc(C2=Nc3cnccc3NCC2)cc1,1272242683,200,1,1,cv,3
c1ccc(CNc2[nH]nc3cccc(Oc4ccccc4)c23)cc1,1277339261,201,4,4,cv,0
O=C(OC1C[N+]2(CCc3c[nH]c4ccccc34)CCC1CC2)C(c1ccccc1)N1CCCCC1,1285825880,202,1,1,cv,1
O=c1[nH]c2cccc(CCNCCc3ccc(-c4ccccc4CNCc4ccccc4)cc3)c2s1,1286307757,203,1,1,cv,2
c1ccc(-c2cn(-c3ccccc3)c3ncncc23)cc1,1287535677,204,1,1,cv,3
O=C(NCC1CCCCN1)c1ccccc1,1289362088,205,1,0,cv,1
c1ccc(C2=NNC(c3ccccc3)C2)cc1,1298686249,206,2,2,cv,1
O=C(C=Cc1ccccc1)c1ccccc1,1300709923,207,1,0,cv,2
c1ccc(Nc2cnnc3ccc(N4CCNCC4)cc23)cc1,1302241133,208,1,1,cv,2
c1ccc(-c2cccc3sccc23)cc1,1315673650,209,1,1,cv,3
O=C(Cc1ccccc1)N(Cc1cccnc1)Cc1nc2ccccc2c(=O)n1-c1ccccc1,1316541768,210,1,1,cv,4
O=C(NCc1ccccc1)C1CCCCC1C(=O)N1CCN(Cc2ccccc2)CC1,1357567998,211,1,1,cv,2
O=c1c2sc(-c3ccccc3)cc2ncn1-c1ccc(OCCC2CC2)cc1,1358154896,212,1,0,cv,3
O=C(c1ccccc1)N1CCC(Nc2ccccn2)CC1,1358473897,213,2,0,cv,3
c1ccc(OCc2ccccc2-c2ccccc2)cc1,1369324419,214,1,0,cv,3
O=C(Nc1ccccc1)C1c2ccccc2CN1Cc1ccccc1,1371039565,215,1,1,cv,3
O=C(NC1CC1)C1CCCCC1C(=O)N1CCN(c2nccs2)CC1,1377541952,216,3,2,cv,4
O=C(NCCCSCC1CCC(n2cnc3cncnc32)O1)Nc1ccccc1,1393688506,217,3,3,cv,1
O=C(NCC12CC3CC(CC(C3)C1)C2)c1cccc(-n2ncc(=O)[nH]c2=O)c1,1396214760,218,1,1,cv,2
O=c1ncn2nc(Sc3ccccc3)ccc2c1-c1ccccc1,1396392425,219,1,0,cv,3
O=C(Nc1nccs1)c1cccc(-n2cnc3ccc(N4CCNCC4)cc3c2=O)c1,1397489438,220,1,1,cv,3
O=c1[nH]c(=O)c2nc[nH]c2[nH]1,1407146193,221,1,1,cv,0
O=C(NC1CCCC1)C(c1ccccc1)N(C(=O)c1ccco1)c1ccccc1,1410521298,222,1,0,cv,2
O=C(NCCN1CCN(Cc2ccccc2)CC1)c1ccccc1,1411173747,223,1,1,cv,2
c1ccc(Cc2cncnc2)cc1,1413505733,224,1,0,cv,3
O=c1[nH]c(=O)n(CC2COc3ccccc3O2)c2ccsc12,1419121987,225,1,0,cv,3
c1cnccn1,1440286039,226,1,0,cv,3
O=C(CCS(=O)(=O)c1cccs1)Nc1ccccc1,1446890130,227,1,1,cv,3
O=C1N(c2ccccc2)Cc2cncnc2N1Cc1ccccc1,1450441483,228,1,1,cv,4
c1ccc2[nH]cnc2c1,1450709430,229,2,1,cv,0
c1ccc(CNc2cncc(Nc3cc(C4CC4)[nH]n3)n2)nc1,1451220355,230,1,1,cv,2
O=C1COc2ccc(-c3ccnn3-c3ccccc3)cc2N1,1453274419,231,1,1,cv,3
O=C(Cc1ccccc1)OC1CC[NH2+]CC1,1456649253,232,1,0,cv,4
C=C1c2ccccc2CCc2ccccc21,1459169935,233,1,0,cv,4
c1ccc2c(c1)Sc1ccccc1N2CCC1CCCCN1,1467783871,234,1,1,cv,4
O=S(=O)(Nc1cnnn1-c1ccccc1)c1ccccc1,1471994735,235,1,1,cv,0
O=C(CSc1nnc(-c2ccc3[nH]ccc3c2)o1)N1CCCc2ccccc21,1481356423,236,1,0,cv,1
c1ccc(CNc2ncnc3ccsc23)cc1,1483055082,237,3,1,cv,1
O=c1cc2n(c3cc(N4CCNCC4)ccc13)CS2,1485883667,238,1,1,cv,2
O=C1N(Cc2ccc(-c3ccccc3-c3nnn[nH]3)cc2)C=NC12CCCC2,1498297960,239,1,1,cv,3
c1ccc2scnc2c1,1510355122,240,2,2,cv,4
c1ccc(-c2nc3ncccc3o2)cc1,1510572282,241,1,0,cv,0
O=C(Cn1cnc2[nH]c(=O)[nH]c(=O)c21)Nc1ccccc1,1524265835,242,1,1,cv,0
O=S(=O)(NC1CCN(Cc2ccc(-c3ccccc3)cc2)C1)c1ccccc1,1537841518,243,1,1,cv,1
O=C1Nc2ccccc2BN1c1ccccc1,1543126493,244,1,1,cv,2
O=c1[nH]c(-c2ccccc2)nc2ccccc12,1545716765,245,1,1,cv,3
c1ccc(NC2CCNCC2)nc1,1556850691,246,2,2,cv,0
O=C(NCc1ccccc1)NC1CCN(CCC(c2ccccc2)c2ccccc2)CC1,1557873416,247,4,3,cv,1
O=S(=O)(NCCCN1CCC(Oc2ccccc2)CC1)c1ccccc1,1559180928,248,1,1,cv,2
O=C(c1ccco1)N(Cc1ccccc1)c1ccccc1,1559722428,249,4,4,cv,3
O=C(NCCCNc1ccnc2[nH]c(-c3ccccc3)nc12)C1CCC1,1560623067,250,1,0,cv,4
c1cc(C2CCN(c3ccc4nncn4n3)CC2)ccc1OCCN1CCNCC1,1561068162,251,2,1,cv,4
O=c1[nH]c2cccc(CCNCCOc3cccc(CNCCc4ccccc4)c3)c2s1,1565350665,252,1,1,cv,2
c1ccc(Cn2ncc3ccccc32)cc1,1579130909,253,1,1,cv,4
c1ccc(CCOCC2CC2)cc1,1580800989,254,1,0,cv,0
O=c1c2cc(-c3ccccc3)ccc2ncn1CC1CCCNC1,1584484197,255,2,1,cv,0
O=C(Nc1nccs1)C(CC1CCCC1)c1ccccc1,1586555116,256,2,2,cv,2
c1ccc(CNc2ncc3ncn(Cc4ccccc4)c3n2)cc1,1598895192,257,1,1,cv,4
O=C(CCc1c[nH]cn1)NC(Cc1c[nH]c2ccccc12)C(=O)NCC(=O)NC(Cc1c[nH]c2ccccc12)C(=O)NCCc1ccccc1,1599172931,258,1,1,cv,0
c1ccc(NCc2ccco2)cc1,1622701691,259,1,1,cv,1
c1ccc(CCOc2ccccc2)cc1,1632935942,260,1,1,cv,4
c1ccc(C(Cc2cccc3ccccc23)c2cnc3ccccc3c2)cc1,1634607031,261,1,1,cv,0
O=C(c1c(Cn2cnc3ccccc32)sc2[nH]c(=O)[nH]c(=O)c12)N1CCCO1,1637805607,262,1,1,cv,1
O=C(NCc1nc2ccccc2[nH]1)c1cc2ccccc2o1,1652587834,263,1,1,cv,2
O=C(CSc1nnc(-c2cccnc2)[nH]1)Nc1ccon1,1653008652,264,1,1,cv,3
O=C(Nc1ccc(OCCN2CCOCC2)c2ccccc12)Nc1ccnn1-c1ccccc1,1672179693,265,1,1,cv,4
O=C(Nc1ccc(S(=O)(=O)N2CCOCC2)cc1)c1ccccc1NS(=O)(=O)c1cccs1,1681770830,266,1,0,cv,0
O=C1CC2CCC1(CS(=O)(=O)NC1CCN(c3ccccn3)CC1)C2,1682932684,267,1,1,cv,0
O=C(Cc1ccccc1)NC1CCN(CCC(c2ccccc2)N2CCCCC2)CC1,1690201654,268,1,1,cv,1
O=S(=O)(Nc1nc(-c2ccccc2)nn1Cc1ccccc1)c1ccccc1,1692739107,269,1,1,cv,2
O=S(=O)(Nc1nnc(-c2ccccc2)s1)c1ccccc1,1705928685,270,1,1,cv,3
c1ccc(-c2cccc(-c3nc4ccccc4[nH]3)c2)cc1,1707210608,271,1,1,cv,4
O=C(Nc1ccccc1-c1ccccc1)OC1CCN(CCCCCCCCCNCCc2cccc3[nH]c(=O)ccc23)CC1,1712657733,272,1,1,cv,0
c1ccc(Nc2ccccc2)cc1,1717128057,273,2,2,cv,1
O=c1[nH]c2cccc(CCNCCCOCCNCCc3ccccc3)c2s1,1722467642,274,1,0,cv,2
O=C(OC1CC2[NH2+]C(C1)C1OC21)C(c1cccs1)c1cccs1,1725000381,275,1,0,cv,2
O=C(c1ccccc1)N1CCC(N2CCC(Oc3ccccc3)CC2)CC1,1729477250,276,4,1,cv,2
O=c1[nH]c(=O)c2c(CCCC3CC3)cc(=O)oc2[nH]1,1752418972,277,1,0,cv,3
O=C(c1ccc(-c2ccccc2)o1)N(Cc1ccccc1-c1cccnc1)c1ccc(N2CCNCC2)cc1,1755039851,278,1,1,cv,3
O=C(Nc1ccc(-c2cnco2)cc1)Nc1cccc(CNC(=O)OC2CCOC2)c1,1756005095,279,1,1,cv,4
O=S(=O)(Nc1ccnn1C1CCNCC1)c1ccccc1,1757066469,280,2,1,cv,0
c1ccc(-c2ncs[n+]2-c2ccccc2)cc1,1762692345,281,1,1,cv,2
c1ccc(Sc2c[nH]c3ccccc23)cc1,1767313520,282,20,5,cv,3
c1ccc2c(-c3c[nH]c4ccccc34)ccnc2c1,1771716543,283,12,7,cv,4
c1ccc(Nc2nc(NCC3CCCO3)c3ccccc3n2)cc1,1782978075,284,1,1,cv,0
O=C(CNS(=O)(=O)c1ccccc1)N(Cc1ccc(C2CCCCC2)cc1)c1ccccc1,1793824777,285,1,1,cv,1
O=S(=O)(c1ccccc1)c1ccc2nccc(Nc3ccccc3)c2c1,1803084313,286,1,0,cv,2
c1cnc(CNc2cncc(Nc3cc[nH]n3)n2)nc1,1821271046,287,1,1,cv,2
O=C(NC1CC1)C1CCCCC1C(=O)N1CCN(c2nc3ccncc3s2)CC1,1821735263,288,1,1,cv,0
O=S(=O)(Nc1ccnn1-c1ccccc1)c1ccc(-c2cnco2)cc1,1834758002,289,1,1,cv,1
O=C(Cc1ccccc1)NC1CCN(CCC(c2ccccc2)N2CCNCC2)CC1,1838329155,290,2,2,cv,2
c1ccc(CN2CCC(CN3CCC(Oc4ccccc4)CC3)CC2)cc1,1846040315,291,5,0,cv,0
O=C1Nc2ccccc2C2(CCN(CCc3coc(-c4ccccc4)n3)CC2)O1,1849691689,292,1,1,cv,0
O=S(=O)(Nc1ccon1)c1ccccc1,1856142851,293,2,0,cv,1
c1cc(-c2n[nH]c(-c3ccncc3)n2)ccn1,1866148830,294,1,1,cv,1
O=C(NCc1nc2ncccc2[nH]1)c1cc2ccccc2o1,1895365138,295,1,0,cv,0
O=c1cc(-c2ccccc2)nc(SCCc2ccccc2)[nH]1,1901461789,296,1,1,cv,0
O=C(OCCNc1ccccn1)c1ccccc1,1903451758,297,1,0,cv,1
O=S1(=O)CCC(N2CCC(c3ccccc3)CC2)C1,1903780177,298,1,1,cv,1
c1ccc2c(-n3ccnn3)ccnc2c1,1934761853,299,1,1,cv,2
O=S(=O)(NC1CCc2[nH]c3ccccc3c2C1)c1ccccc1,1935370478,300,1,0,cv,0
O=C(Nc1ccccc1)C1CCCN1S(=O)(=O)c1cccc2cccnc12,1943419770,301,2,0,cv,0
c1ccc(CNc2[nH]nc3ccnc(Oc4ccccc4)c23)cc1,1952609587,302,1,1,cv,0
O=C(NCC12CC3CC(CC(C3)C1)C2)c1cccc2nc(N3CCCC(NCCc4nnn[nH]4)C3)ccc12,1952653033,303,1,1,cv,1
c1ccc(Oc2cncnc2)cc1,1955937746,304,1,0,cv,2
N=C(c1ccccc1)C1CCN(C2CCN(C(=O)c3ccncc3)CC2)CC1,1960034939,305,1,1,cv,2
O=C1Cc2cc3n(c(=O)c2CO1)Cc1cc2ccccc2nc1-3,1965780207,306,1,1,cv,3
O=C(OC1CC[NH2+]CC1)C(c1ccccc1)N1CCCCC1,1966713073,307,1,1,cv,0
O=S(=O)(NCc1ccc(-c2cnoc2)cc1)c1cnoc1,1989064372,308,1,1,cv,1
O=C(Cc1ccccc1)Nc1cccc2c(=O)[nH]ccc12,1989815572,309,2,0,cv,2
O=C(NCc1cccnc1)c1cc(C2CC2)nc2[nH]ncc12,2004089509,310,1,1,cv,2
O=C(NC1CCCCC1)NS(=O)(=O)c1ccc(CCNC(=O)c2ccccc2)cc1,2006826555,311,1,1,cv,3
O=C1CCCC2=C1C(c1ccc(-c3ccccc3)cc1)C=CN2,2011618659,312,2,1,cv,0
O=C(Nc1ccncc1)c1cccc(OCC2CC2)c1,2022624999,313,1,1,cv,1
O=C1NC(=O)C(=Cc2cccc(-c3ccncc3)c2N2CCCCC2)S1,2024454485,314,1,1,cv,2
O=C(NCc1nc2ccccc2[nH]1)c1cnccn1,2027106152,315,1,1,cv,3
O=c1oc2ccccc2cc1Cc1ccccc1,2027572602,316,1,1,cv,4
O=C(NCCCN1CCC(Oc2ccccc2)CC1)c1ccccc1,2031118215,317,1,1,cv,0
O=S(=O)(c1cccc2cnccc12)N1CCCNCC1,2040763019,318,1,1,cv,1
O=S(=O)(c1ccccc1)N1CCN(c2ccccc2)CC1,2042698861,319,1,1,cv,2
c1cncc(Nc2ccc(-c3ccc(C4CCCCC4)cc3)nc2)c1,2043288804,320,1,0,cv,3
c1ccc2nc3c(cc2c1)CCCC3,2044163828,321,1,1,cv,3
c1ccc(Sc2cn(Cc3nnn[nH]3)c3ccccc23)cc1,2055037274,322,1,1,cv,4
c1ccc(COc2ccc(Nc3ncnc4ccc(-c5ccco5)cc34)cc2)cc1,2067936565,323,1,1,cv,0
O=C(NC1CCCC1)C(c1ccccc1)N(C(=O)c1ccccc1)c1ccccc1,2068733578,324,1,0,cv,1
O=C(NCc1ccccc1)c1cnn(-c2ccccc2)c1NS(=O)(=O)c1ccccc1,2074163611,325,1,0,cv,1
O=C(Cc1ccccc1)Nc1cccc2c(=O)n(C3CCNC3)ccc12,2075002736,326,1,1,cv,1
c1ccc(OCc2ccc3ccccc3n2)cc1,2081958707,327,1,1,cv,2
O=C1C=CC(=O)C(Cc2ccccc2)=C1,2093212670,328,1,0,cv,3
O=C(NCCCN1CCC(Oc2ccccc2)CC1)c1cn[nH]c1,2093621469,329,3,0,cv,3
O=C(NCCc1ccc2c(c1)OCO2)C1CCCN1c1ccnc(-n2ccnc2)n1,2105236920,330,1,0,cv,3
O=C(Nc1ccc(-c2ccccc2)cn1)c1cnoc1,2106980699,331,1,0,cv,3
O=C(NCc1ccccc1)NCc1ccccc1-c1ccccc1,2109525882,332,1,1,cv,3
O=C(NC1CCC1)c1cccc(-n2cnc3ccc(N4CCNCC4)cc3c2=O)c1,2111215021,333,1,1,cv,4
O=C(CN1C2=NCCN2c2ccccc21)c1ccccc1,2112889935,334,1,1,cv,0
c1ccc(C(C(c2ccccc2)N2CCCCC2)N2CCCCC2)cc1,2113768126,335,1,1,cv,1
O=C(c1ccccc1)N(Cc1ccccc1)c1ccccc1,2130619161,336,1,1,cv,2
O=c1[nH]c2cccc(CCNCCc3cccc(CNCc4ccccc4)c3)c2s1,2136987223,337,5,5,cv,3
O=C(OC1C[N+]2(CCOCCc3ccccc3)CCC1CC2)C(c1ccccc1)N1CCCCC1,2137372764,338,1,1,cv,4
O=C(c1ccc(-c2nn[nH]n2)cc1)N1CCC(N2CCC(Oc3ccccc3)CC2)CC1,2150237846,339,1,1,cv,0
O=C(Nc1ccc(-n2ccnc2)nc1)c1ccccc1,2154263581,340,1,1,cv,1
O=c1nc(NCc2ccccc2)sn1Cc1ccccc1,2158945342,341,1,0,cv,2
c1ccc(Cc2ccccn2)cc1,2159235085,342,1,0,cv,2
c1ccc(-c2ncc3ccccc3n2)cc1,2159412639,343,2,0,cv,2
c1ccc(-c2ccc3ccc(-c4nc(C5CCC5)n5ccncc45)cc3n2)cc1,2168824493,344,1,1,cv,2
c1ccc(-c2nnn[nH]2)c(-c2ccc(Cn3cnc4ccccc43)cc2)c1,2169892196,345,1,0,cv,4
c1ccc(C(c2ccccc2)N2CCNCC2)cc1,2175786217,346,1,0,cv,4
c1ccc(CNc2ncnc3[nH]cnc23)cc1,2187338236,347,1,1,cv,4
O=C1CN=C(c2ccccc2)c2ccccc2N1,2192114179,348,2,2,cv,0
O=c1cc(-c2ccccc2)nc(SCc2ccccc2)[nH]1,2194757411,349,1,1,cv,1
O=C(Cc1ccc(Oc2ccnc3ccccc23)cc1)Nc1cn[nH]c1,2208185107,350,1,1,cv,2
O=C(Nc1ccccc1)N1CCCCN2CC(c3ccc(C#Cc4ccccc4)cc3)C2C1,2208791190,351,1,1,cv,4
O=C(OC1C[N+]2(CCCc3ccncc3)CCC1CC2)C(c1ccccc1)N1CCCCC1,2217303193,352,2,2,cv,1
c1cnc2sccc2c1,2219819906,353,2,1,cv,2
O=c1[nH]c2ncncc2cc1Oc1ccccc1,2220453861,354,1,1,cv,4
C1=Nc2ccccc2C(c2ccccc2)=[NH+]C1,2222004043,355,1,1,cv,0
c1cc(CCCOc2ccc(C3=NCCO3)cc2)on1,2222139929,356,1,1,cv,2
c1ccc(-c2ncoc2-c2ccccc2)cc1,2227097877,357,1,0,cv,4
C(=NN=Cc1ccccc1)c1ccccc1,2229888883,358,1,1,cv,4
O=c1c(Cc2ccccc2)c[nH]c2nc(NCc3ccccc3)nn12,2241827096,359,1,1,cv,0
O=C(C[N+]12CCC(CC1)C(OC(=O)C(c1ccccc1)N1CCCCC1)C2)Nc1ccccc1,2245427371,360,2,2,cv,1
O=C1NC(=O)C(Cc2ccc(OCC3CCc4ccccc4O3)cc2)S1,2282960292,361,1,1,cv,2
c1ccc(CNc2ccc3ncncc3c2)cc1,2284462486,362,1,1,cv,3
O=c1ccc2cnc(SCc3ccccc3)nc2[nH]1,2294622879,363,1,1,cv,4
c1cnnc(N2CCC(CCOc3ccc4ncoc4c3)CC2)c1,2295896768,364,1,1,cv,0
O=C(Nc1ccccc1)c1cc2ccccc2[nH]1,2304506079,365,2,2,cv,2
O=S(=O)(Nc1cnccn1)c1cccs1,2305891735,366,2,1,cv,3
O=S(=O)(Cc1ccccc1)N1CCCN(Cc2ccccc2)CC1,2309051799,367,1,1,cv,4
c1ccc(CCOCCCCCCNCCc2cccc3ncsc23)cc1,2316095581,368,2,2,cv,0
O=C(NCC12CC3CC(CC(C3)C1)C2)c1cccc(CN2CC3CC2CN3)c1,2326552275,369,1,1,cv,1
c1ccc(CSc2nc3cccnc3[nH]2)cc1,2329967214,370,1,1,cv,3
C(CN1CCCC1)=C(c1ccccc1)c1ccccn1,2337819898,371,1,1,cv,4
O=C(NCCCNCC1CCC(n2ccc3cncnc32)O1)Nc1ccccc1,2342217614,372,1,0,cv,1
B1c2ccccc2N=CN1c1cccnc1,2342512120,373,1,1,cv,1
c1ccc(-c2nnc(C34CCC(CC3)CC4)[nH]2)cc1,2351808101,374,1,0,cv,2
c1ccc(-c2ccc(Cn3cnc4ccc(-c5nc6ccccc6[nH]5)cc43)cc2)cc1,2354964811,375,1,0,cv,2
O=C(c1ccc(-c2noc(=O)[nH]2)cc1)N1CCC(N2CCC(Oc3ccccc3)CC2)CC1,2363497910,376,1,0,cv,2
c1ccc2c(c1)[nH]c1cnccc12,2368419620,377,1,1,cv,2
O=C(Cn1cccc(NC(=O)c2ccon2)c1=O)NCCC1CCNC1=O,2369220302,378,1,1,cv,3
O=C(NCCCN1CCC(Oc2ccccc2)CC1)c1c[nH]c(=O)c2cc(S(=O)(=O)NC3CC3)ccc12,2376707869,379,1,1,cv,4
c1ccc(CCCCN2CCC(C(c3ccccc3)c3ccccc3)CC2)cc1,2377170601,380,2,1,cv,0
c1ccc(Oc2c[nH]c3ccccc23)cc1,2377536429,381,4,0,cv,1
O=C(NCC12CC3CC(CC(C3)C1)C2)c1cccc(-c2cccnc2)c1,2381926984,382,1,1,cv,1
O=c1[nH]c(=O)c2c(SC3CCCC3)c(Cc3ccccc3)sc2[nH]1,2391223702,383,1,1,cv,2
c1cc(-c2cc(-c3nnc(CN4CCOCC4)o3)c3cn[nH]c3c2)c2cc[nH]c2c1,2392098694,384,1,1,cv,3
O=C(Nc1ccncc1)c1cccc2ccccc12,2392384257,385,1,1,cv,4
c1ccc2c(c1)ccn2Cc1nc2ccccc2s1,2396646864,386,1,0,cv,0
c1ccc(CN2CCCC(CN3CCC(Oc4ccccc4)CC3)C2)cc1,2400658645,387,1,0,cv,0
O=C(Cc1ccccc1)NC1C(=O)N2CCSC12,2405345791,388,1,1,cv,0
c1ccc2c(c1)N=C(N1CCNCC1)c1ccccc1N2,2407525601,389,1,1,cv,1
O=C(OC1C[N+]2(CCCOc3ccccc3)CCC1CC2)C(c1ccccc1)N1CCCCC1,2409688399,390,1,1,cv,2
O=S(=O)(Nc1ccnn1Cc1ccccc1)c1ccccc1,2410466535,391,1,1,cv,3
c1ccc(COc2ccc(Nc3ncnc4ccccc34)cc2)nc1,2412673484,392,1,1,cv,4
O=S(=O)(Nc1ccccc1)c1ccccc1,2413582291,393,4,3,cv,0
O=C(c1c(Cc2ccnc3ccccc23)sc2[nH]c(=O)[nH]c(=O)c12)N1CCCC1,2423727684,394,1,1,cv,1
O=S(=O)(Nc1ccnn1-c1ccccc1)C1CCCCC1,2434827896,395,1,1,cv,2
c1cc(CCCOc2ccc(-c3ncon3)cc2)on1,2453515460,396,1,1,cv,3
O=c1[nH]c2ccccc2o1,2461223314,397,1,1,cv,4
O=C(NC1CCCCC1)c1cnn(-c2ccccc2)c1NS(=O)(=O)c1ccc(-c2cnco2)cc1,2465273563,398,1,1,cv,1
O=C(Nc1c[nH]nc1-c1nc2ccc(CN3CCOCC3)cc2[nH]1)NC1CC1,2467777947,399,1,1,cv,2
c1ccc(Nc2ccc(-c3ccc(Nc4ccccc4)cc3)cc2)cc1,2469904946,400,1,1,cv,3
O=C(Nc1cccc(-n2cnc3ccc(N4CCNCC4)cc3c2=O)c1)c1cncs1,2482664524,401,1,0,cv,4
c1ccc(CCCCNCCc2ccccc2)cc1,2493592971,402,1,1,cv,4
O=C1C=C2CCC3C(=C2CC1)C(c1ccccc1)CC1CCCC13,2496357119,403,1,1,cv,1
c1ccc(CNc2n[nH]c3ccnc(Oc4ccccc4)c23)cc1,2504971800,404,1,1,cv,2
O=C(NC1CCCCC1)C1c2ccccc2C(=O)N1Cc1ccccc1,2511685222,405,1,0,cv,3
O=S(=O)(Nc1ccnn1C1CCOCC1)c1ccc(C2CC2)cc1,2515983631,406,1,0,cv,3
O=C(CC1CCCCC1)Nc1cccc2ncccc12,2520723652,407,2,2,cv,3
O=S(=O)(CCCNCCc1cccc2ncsc12)NCCOCCc1ccccc1,2527675110,408,1,0,cv,4
O=C(COc1ccnc2ccccc12)Nc1ccccc1,2530001177,409,2,2,cv,4
O=C(Nc1ccccc1)Nc1cccc2ccccc12,2549483676,410,1,1,cv,0
c1ccc(OCCCN2CCC3(CC2)Cc2ccccc2O3)cc1,2554449069,411,2,1,cv,1
c1cncc(-c2ccc3ncnn3c2)c1,2563802757,412,2,0,cv,2
O=S(=O)(Nc1ccn[nH]1)c1ccccc1,2563880618,413,8,8,cv,2
O=C(Nc1nccs1)C(CC1CCOCC1)c1ccc(S(=O)(=O)C2CC2)cc1,2564406608,414,1,1,cv,0
c1ccc(Nc2cccc(-c3ccccc3)n2)cc1,2571052348,415,1,1,cv,1
O=C(c1c(Cc2ccccc2)sc2[nH]c(=O)[nH]c(=O)c12)N1CCS(=O)(=O)C1,2572918335,416,1,1,cv,3
O=C(CC12CC3CC(CC(C3)C1)C2)Nc1cccc2c(=O)n(CC3CCCN3)ccc12,2574264390,417,1,1,cv,4
C(=Cc1cccc2sccc12)c1ccc2c(c1)OCO2,2574556839,418,1,1,cv,0
O=C(OC1C[NH+]2CCC1CC2)C(c1ccccc1)N1CCCCC1,2577806255,419,1,1,cv,1
c1ccc(CCc2cscn2)cc1,2586990550,420,1,1,cv,3
c1ccc(-c2cn3ccccc3n2)cc1,2594354381,421,2,0,cv,4
O=C(c1c(Cc2ccnc3ccccc23)sc2[nH]c(=O)[nH]c(=O)c12)N1CCCO1,2598345266,422,1,1,cv,4
O=C(Nc1nc2ccccc2s1)c1ccccc1,2599259738,423,2,1,cv,0
c1ccc(Oc2ccccc2)cc1,2600458253,424,2,2,cv,1
c1c[nH+]c2cc(Sc3nc(N4CC5CC5C4)c4cc[nH]c4n3)cnc2c1,2600866771,425,1,1,cv,3
O=C(OC1CC[NH2+]CC1)C(c1ccccc1)C1CCCC1,2608316833,426,1,1,cv,4
O=C(CC12CC3CC(CC(C3)C1)C2)Nc1ccc2[nH]ncc2c1,2620190937,427,1,1,cv,0
c1ccc(-c2nncs2)cc1,2623477574,428,1,0,cv,3
O=c1[nH]c2cnc(SCc3ccccc3)nc2[nH]1,2627884332,429,1,0,cv,3
C1=C2CCC(CCc3ccccc3)C2Cc2cnn(-c3ccccc3)c21,2640504537,430,1,1,cv,3
C1=NC=NCN1c1ccccc1,2644242119,431,2,2,cv,4
C1=NCCCCC1,2650140127,432,1,0,cv,0
O=S(=O)(c1ccccc1)N1CCCN(Cc2ccccc2)CC1,2652494923,433,1,0,cv,0
O=C1CC(NC(=O)C2CCCN3C(=O)CCC(NC(=O)c4nccc5ccccc45)C(=O)N23)CO1,2661610993,434,1,0,cv,0
O=c1cc(-c2cccnc2)[nH]c2ccccc12,2671142935,435,1,0,cv,0
c1ccc(Nc2ccnc3ccccc23)cc1,2674168122,436,2,1,cv,0
O=C(NCC12CC3CC(CC(C3)C1)C2)c1cccc(OC2CCNCC2)c1,2679107435,437,1,1,cv,1
O=C(NCc1nc2cnccc2[nH]1)c1cc2ccccc2o1,2681548309,438,1,1,cv,3
O=C(NCCCN1CCC(Oc2ccccc2)CC1)c1c[nH]c(=O)c2ccccc12,2684073634,439,15,12,cv,0
c1ccc(Nc2nc(N3CCOCC3)nc3ccccc23)cc1,2688246932,440,1,0,cv,1
O=C(CC12CC3CC(CC(C3)C1)C2)Nc1cccc2nc(CN3CCNCC3)ccc12,2688590657,441,1,1,cv,1
c1ccc(Nc2ncnc3[nH]cnc23)cc1,2689915166,442,2,2,cv,3
O=S(=O)(c1ccccc1)c1ccccc1,2692913313,443,1,0,cv,4
O=C1NCCc2c(-c3ccccc3)[nH]c3cccc1c23,2701590394,444,1,1,cv,4
O=C(Nc1cc(-c2ccnc(Nc3ccccc3)c2)ccn1)C1CCOCC1,2704715726,445,2,2,cv,1
O=C(NCCCN1CCC(Oc2ccccc2)CC1)c1ccc(=O)[nH]c1,2708615698,446,4,3,cv,4
B1NN=Cc2ccccc21,2718827936,447,1,1,cv,2
O=C(NCC12CC3CC(CC(C3)C1)C2)c1ccnc(N2CCNCC2)c1,2722446457,448,2,2,cv,3
c1ccc2c(c1)ccn2-c1ccncn1,2725229617,449,1,1,cv,1
O=C(NCCc1ccccc1)c1cccc(-n2ncc(=O)[nH]c2=O)c1,2728682582,450,1,0,cv,2
c1ccc(CCN2CCC(Nc3nc4ccccc4n3Cc3ccccc3)CC2)cc1,2730390406,451,1,1,cv,2
O=C(C[N+]12CCC(CC1)C(OC(=O)C(c1ccccc1)N1CCCCC1)C2)Nc1ccccn1,2732028890,452,1,1,cv,1
c1cc(-c2ccc(CN3CCOCC3)cc2)c2nc(-c3cnn(C4CCNCC4)c3)cnc2c1,2733938962,453,1,0,cv,2
c1cncnc1,2746034781,454,1,0,cv,2
O=C(c1c(Cc2cn[nH]c2)sc2[nH]c(=O)[nH]c(=O)c12)N1CCCO1,2749786319,455,1,1,cv,2
O=C(CCc1ccccc1)Nc1nc2ccccc2s1,2752374167,456,1,1,cv,3
c1cncc(Nc2cc(OC3CCNCC3)ncn2)c1,2757479748,457,1,1,cv,4
O=c1cc2[nH]n(-c3ccccc3)c(=O)c2cn1Cc1ccccn1,2773309764,458,1,0,cv,1
O=C(NCC12CC3CC(CC(C3)C1)C2)c1cccc(CN2CC3CNCC(C2)O3)c1,2775210073,459,1,1,cv,1
O=C(NCCCN1CCC(Oc2ccccc2)CC1)c1c[nH]c(=O)c2cc(S(=O)(=O)N3CCC3)ccc12,2786871278,460,2,2,cv,2
C(#Cc1n[nH]c2ccccc12)c1ccccc1,2791635158,461,1,1,cv,3
O=c1[nH]c2cccc(CCNCCc3cccc(CNCCCc4ccccc4)c3)c2s1,2797087076,462,1,1,cv,4
O=C(NCC(=O)N1CCCC1)Nc1nc2ccc(-c3cccnc3)cn2n1,2821946817,463,1,1,cv,1
O=C(Nc1ccccn1)c1ccc2[nH]c(-c3ccc(NC(=O)C45CC6CC(CC(C6)C4)C5)cc3)nc2c1,2825958070,464,1,1,cv,3
c1ccc2ccccc2c1,2828457109,465,1,0,cv,4
c1ccc2ncccc2c1,2832922821,466,2,1,cv,4
c1ccc(Nc2ccnc(-c3ccccn3)n2)cc1,2855384146,467,1,1,cv,1
c1csc(-c2nnc3n2CCc2cnn(C4CCCC4)c2-3)c1,2858890666,468,1,1,cv,2
c1ncc(-c2nc(N3CCOCC3)c3sc(CN4CCNCC4)cc3n2)cn1,2866564211,469,1,1,cv,3
c1ccc(Cn2cnc3ccc(Nc4cc[nH]n4)nc32)nc1,2868203461,470,1,1,cv,4
c1ccc(CSc2ncc3cn[nH]c3n2)cc1,2878416522,471,1,1,cv,1
C1=CC2=CCCCC2CC1,2884544329,472,2,1,cv,2
O=C(NCc1ccccc1)C1CCCN1S(=O)(=O)c1ccccc1,2885439813,473,1,0,cv,3
O=C(NCc1cn(-c2ccnc3ccccc23)nn1)c1ccccc1,2893024678,474,1,1,cv,3
O=C(Cc1ccccc1)Nc1nc2ccccc2[nH]1,2901032902,475,1,1,cv,4
O=C(Cc1cccc(CCNCCc2ccccc2)c1)NCc1cccc(-c2ccccc2)c1,2909741923,476,1,1,cv,1
c1ccc(Nc2nccs2)cc1,2912582588,477,1,0,cv,2
O=C(OC1C[N+]2(CCCc3cncnc3)CCC1CC2)C(c1ccccc1)N1CCCCC1,2925240661,478,1,1,cv,2
O=C(CC1CCCCC1)N1CCC2CCN(CCc3ccccc3)CC21,2929791095,479,1,1,cv,3
c1ccc2c(c1)ccn2-c1ccnc2ccccc12,2931158857,480,1,0,cv,4
O=C(CSc1nc2c(c(=O)n1-c1ccccc1)SCC2)Nc1ncc(-c2ccccc2)s1,2935173545,481,1,0,cv,4
O=c1[nH]c(=O)c2cn(Cc3cccc4ccccc34)cc2[nH]1,2936604763,482,1,1,cv,4
c1cn(-c2ccc(Oc3cc(Oc4ccc5c(c4)OCO5)ncn3)cc2)cn1,2944619366,483,1,1,cv,1
O=C(Nc1ccc(Cc2ncccn2)cc1)c1ccccc1,2948250547,484,1,0,cv,2
c1ccc(Nc2[nH]nnc2-c2ccccc2)cc1,2952928654,485,1,1,cv,2
O=C(Nc1ccccc1)c1cc[nH]n1,2960472540,486,1,1,cv,3
c1ccc(CCNCCc2ccccc2)cc1,2967601554,487,1,1,cv,4
C=C1c2ccccc2C=Cc2ccccc21,2975809013,488,1,1,cv,1
O=C(Nc1nc2ccccc2[nH]1)c1ccccc1,2976204485,489,2,2,cv,2
O=C(Cc1ccccc1)N(Cc1nc2ncccc2c(=O)n1-c1ccccc1)CC1CCS(=O)(=O)CC1,2977967918,490,1,1,cv,3
O=C(Nc1ccc(N=Nc2ccccc2)cc1)c1ccn[nH]1,2978666799,491,1,1,cv,4
O=C(NS(=O)(=O)Cc1ccccc1)N1CCC(N2CCC(Oc3ccccc3)CC2)CC1,2983853460,492,1,0,cv,0
O=C(NCc1ccccc1)c1cnc(N2CCN(CC3CCCOC3)CC2)nc1,2987925445,493,1,1,cv,0
O=C(Nc1ccccc1)c1cccc(Cc2cn[nH]c2-c2ccccc2)c1,3008333042,494,1,1,cv,1
O=C(OC1C[N+]2(CCOc3ccccc3)CCC1CC2)C(c1ccccc1)N1CCCCC1,3010675429,495,1,1,cv,3
c1ccc(C2=NCc3nncn3-c3ccccc32)cc1,3013736183,496,2,2,cv,4
O=C(NCc1ccccc1)c1cc(-c2ccnc(Nc3ccccc3)n2)c[nH]1,3019258107,497,1,1,cv,0
O=C(NCC12CC3CC(CC(C3)C1)C2)c1ccnc(N2CCCCC2)c1,3021900887,498,1,1,cv,1
c1ccc2c(c1)CCc1ccccc1N2,3025699513,499,2,2,cv,2
O=C(NCc1ccccc1)c1cccc2c1N(Cc1ccccc1)CC2,3026143297,500,1,1,cv,3
O=c1ccn(Cc2ccccc2)c(=O)[nH]1,3029694007,501,1,1,cv,0
c1ccc(Nc2ccncn2)cc1,3030499373,502,1,0,cv,1
c1cnnc(N2CCC(CCOc3ccc4cnoc4c3)CC2)c1,3033588894,503,1,1,cv,1
c1csc(Cn2nnnc2CN2CCN(c3nc4ccccc4s3)CC2)c1,3035664808,504,1,1,cv,3
c1ccc(COc2ccc(Nc3ncnc4ccc(-c5cccc(N6CCOCC6)c5)cc34)cc2)cc1,3046533846,505,1,1,cv,4
c1cc(OC2CCCC2)cc(C2CCCCC2)c1,3051835763,506,1,1,cv,0
O=c1ccc2ccccc2o1,3060029843,507,2,2,cv,1
O=C(OC1C[N+]2(CCCc3cc4ccccc4s3)CCC1CC2)C(c1ccccc1)N1CCCCC1,3060339920,508,1,1,cv,2
O=C(CC12CC3CC(CC(C3)C1)C2)Nc1cccc2ncccc12,3062055647,509,1,1,cv,3
O=C1COc2ccc(N3CCOCC3c3ccccc3)nc2N1,3065705294,510,1,1,cv,4
c1ccc(-c2cnc3ncncc3c2)cc1,3088927607,511,1,1,cv,0
c1cnnc(N2CC(COc3ccc(-c4ncon4)cc3)C2)c1,3097878701,512,1,1,cv,2
O=S(=O)(Nc1nc(-c2ncccn2)ncc1Oc1ccccc1)c1ccccc1,3098824160,513,1,1,cv,3
O=C1CC2(CCCC2)CC(=O)N1CCCCN1CCN(c2ncccn2)CC1,3103085619,514,1,1,cv,4
O=C(c1cc2ccccc2[nH]1)N1CCNCC1,3104262432,515,4,4,cv,0
O=c1[nH]c2ccccc2n1C1CCN(C2CCN(Cc3ccccc3)CC2)CC1,3108540192,516,1,1,cv,1
c1ccc2c(CCOCCSCCCNCCc3cccc4ncsc34)cccc2c1,3127123510,517,1,1,cv,2
O=c1ccn(Cc2ccccc2)c(=O)n1Cc1ccccc1,3135199315,518,1,1,cv,3
O=C(Nc1ccccc1)c1cncc(-c2ccccc2)n1,3146683054,519,2,2,cv,4
O=c1[nH]c2cncnc2n1Cc1ccccc1,3164557343,520,2,0,cv,1
c1ccc(OCCNCCCOc2cccc3[nH]c4ccccc4c23)cc1,3166349042,521,1,1,cv,1
c1ccc(COc2ccc(Nc3ncnc4cccc(OC5CCNCC5)c34)cc2)nc1,3173512754,522,1,1,cv,2
O=C(Cc1ccccc1)N(Cc1nc2ncccc2c(=O)n1-c1ccccc1)CC1CCNCC1,3195567171,523,1,1,cv,3
c1ccc(-c2ccc(COCCc3ccon3)cc2)cc1,3205014604,524,1,1,cv,1
C(=Cc1ccc2ccccc2n1)c1cccc(C(CCc2ccccc2)SCC2CC2)c1,3207016340,525,1,1,cv,2
c1ccc(-c2cscn2)cc1,3207038213,526,2,1,cv,3
c1ccc(C(c2ccccc2)C2CCN(CCc3ccc4c(c3)CCO4)C2)cc1,3216763781,527,1,1,cv,4
O=C(Nc1ccccc1)c1ccc2ccccc2n1,3228659321,528,1,0,cv,1
c1ccc(Cn2cnc(-c3ccccc3)n2)cc1,3231298212,529,2,2,cv,1
O=C(OC1C[N+]2(Cc3nc4ccccc4o3)CCC1CC2)C(c1ccccc1)N1CCCCC1,3255342519,530,1,0,cv,2
O=C1CC(c2ccccc2)Sc2ccccc2N1,3263420425,531,1,1,cv,2
O=S(=O)(CCCOCCc1ccccc1)CCNCCc1cccc2ncsc12,3263681897,532,2,1,cv,3
c1ncc2sc3nc(N4CCOCC4)c4c(c3c2n1)CCCC4,3274872453,533,1,1,cv,4
O=C(NCc1ccccc1)Nc1nccs1,3276075656,534,1,1,cv,0
c1ccc(Nc2ncc3cc(-c4ccncc4)ccc3n2)cc1,3281600322,535,2,2,cv,2
c1ccc2c(c1)ncc1nc[nH]c12,3285664682,536,5,0,cv,3
O=S(=O)(c1cccnc1)N1CCCC1,3297615411,537,1,1,cv,3
O=C(NC1CC1)C1CCCCC1C(=O)N1CCc2[nH]c3ccccc3c2C1,3298390206,538,1,1,cv,4
O=C(NCC1CCCCCC1)c1cccc(-c2ccccc2)c1,3308081388,539,1,0,cv,0
c1ccc(-c2cc3ccccc3[nH]2)cc1,3309466503,540,4,2,cv,0
C1=NCCOc2ccsc21,3318110424,541,1,1,cv,1
O=C(c1cccc(Cc2n[nH]c(=O)c3ccccc23)c1)N1CCN(c2ncccn2)CC1,3318669706,542,1,0,cv,3
c1ccc(Sc2c[nH]c3cccc(-c4ccccc4)c23)cc1,3319345913,543,1,0,cv,3
O=C(c1ccccc1)N1CCN(c2ccccn2)CC1,3321236299,544,1,0,cv,3
O=C(NCC12CC3CC(CC(C3)C1)C2)c1cccc(N2CCNCC2)c1,3322720395,545,1,1,cv,3
c1ccc(CCCCOCCCCCCNCCc2ccccc2)cc1,3328253287,546,1,1,cv,4
O=C(CSc1ccccc1)N1CCN(C(=O)c2ccco2)CC1,3329020676,547,1,1,cv,1
O=C(c1ccccc1)c1ccc[nH]1,3340069909,548,1,1,cv,2
c1ccc(Oc2nccc3ccccc23)cc1,3350833602,549,1,0,cv,3
c1ccc(-c2ccn3nc(-c4ccccc4)cc3n2)cc1,3352202547,550,1,1,cv,3
O=C(OC1C[N+]2(CCCOc3ccccc3)CCC1CC2)C(c1cccs1)c1cccs1,3354274599,551,1,1,cv,4
O=C(OC1C[N+]2(CCCc3ccc4ncsc4c3)CCC1CC2)C(c1ccccc1)N1CCCCC1,3357170203,552,1,1,cv,0
O=c1[nH]c2cccc(CCNCCc3ccc(CNCc4ccccc4)cc3)c2s1,3369671045,553,1,1,cv,1
c1ccc(-c2cc(-c3ccc(N4CCOCC4)nc3)nc3ncncc23)cc1,3372878028,554,1,1,cv,2
O=C(c1ccccc1)c1coc2ccccc12,3376976846,555,1,1,cv,3
O=C(NCCCN1CCC(Oc2ccccc2)CC1)c1c[nH]nc1C1CC1,3378619627,556,1,1,cv,4
c1ccc(Nc2nc3ccccc3[nH]2)cc1,3381867896,557,1,0,cv,0
O=C(Nc1cccc(C(=O)Nc2ccon2)c1)c1cnn(-c2ccccc2)c1,3383353373,558,1,0,cv,0
C(=C(c1ccccc1)c1ccccc1)c1ccccc1,3384429048,559,2,2,cv,0
O=C(c1c(Cc2ccccc2)sc2[nH]c(=O)[nH]c(=O)c12)N1CCCC1,3384529443,560,2,1,cv,1
N=C(NCNC(=O)Cc1ccccc1)Nc1ccccc1,3387365823,561,1,0,cv,2
O=C(Cc1ccccc1)NC1CCN(CCC(c2ccccc2)C2CCN(Cc3ccccc3)CC2)CC1,3387990536,562,1,0,cv,2
O=C(C=Cc1c[nH]c2ccccc12)Nc1ccccc1,3395403601,563,1,0,cv,2
c1cc(Nc2nccc(-c3cncs3)n2)cc(N2CCCNCC2)c1,3397441334,564,2,1,cv,2
c1ccc(CCOCCOCCCNCCc2cccc3ncsc23)cc1,3406183755,565,2,2,cv,3
O=S(=O)(Nc1ccc(N2CCN(c3cccc(-c4cc[nH]c4-c4ccccc4)c3)CC2)cc1)c1ccc(NC(CCN2CCCCC2)CSc2ccccc2)cc1,3407864843,566,1,1,cv,4
c1cnc2c(c1)CCCC2NCc1nc2ccccc2[nH]1,3425462683,567,2,2,cv,1
O=c1[nH]c2cccc(CCNCCc3cccc(CNCCc4ccccn4)c3)c2s1,3426005057,568,1,1,cv,2
N=c1[nH]c2ccccc2n1CC(=O)c1ccccc1,3429319220,569,1,0,cv,4
O=C(NCC1CCCCCC1)c1cccc(-c2cccnc2N2CCCCC2)c1,3433951896,570,1,1,cv,4
O=C(Cc1ccccc1)Nc1nnc(CCSCCc2nnc(NC(=O)Cc3ccccc3)s2)s1,3439708784,571,1,1,cv,0
O=C(Nc1ccccc1)NC1N=C(c2ccccc2)c2ccccc2NC1=O,3454948255,572,1,1,cv,2
c1ccc(Oc2ccc(-c3nn(C4CCCNC4)c4ncncc34)cc2)cc1,3459361732,573,1,0,cv,3
O=C(CSc1nc2ccccc2s1)NC1CCN(Cc2ccccc2)CC1,3466122481,574,1,1,cv,3
O=C(NC1CC1)C1CCCCC1C(=O)N1CCc2[nH]c3ncccc3c2C1,3484013259,575,1,1,cv,4
O=c1[nH]c2nc(SCc3ccccc3)ncc2s1,3486173556,576,4,3,cv,0
O=C(Nc1cccc(NC(=O)c2cccc(N3CCOCC3)c2)c1)c1ccc(OCc2ccccn2)cc1,3487010430,577,1,1,cv,1
O=C(CSc1nnc(-c2ccccc2)[nH]1)Nc1ccon1,3509383781,578,1,1,cv,2
O=S(=O)(Nc1nn(Cc2ccccc2)c2ccccc12)c1cccs1,3509389300,579,2,2,cv,3
O=C1Nc2ccccc2C1c1ccccc1,3515344534,580,1,1,cv,4
O=C(NCC1CN(c2ccnc3ccccc23)C(=O)O1)C1CC1,3518949520,581,1,1,cv,1
O=c1[nH]c2cccc(CCNCCCSCCOCCc3ccccc3)c2s1,3524364312,582,1,1,cv,2
O=C(NCCN1CCC(Oc2ccccc2)CC1)c1ccccc1,3538679741,583,1,1,cv,4
O=C(Nc1cccc(-n2cnc3ccc(N4CCNCC4)cc3c2=O)c1)c1ccoc1,3554350235,584,1,1,cv,1
c1cc(-c2nc(C3CC3)cc(N3CC4CCC(C3)O4)n2)c2cc[nH]c2c1,3555812855,585,1,1,cv,2
O=C(Nc1cccc(NC(=O)c2cccc(N3CCOCC3)c2)c1)c1ccc(OCc2cscn2)cc1,3557675041,586,1,1,cv,3
O=C(Nc1ccccc1)c1cc2cncnc2s1,3574131071,587,1,1,cv,4
O=C(NCc1ccccc1)c1cncc(Sc2ccccc2)c1,3581997106,588,1,0,cv,0
O=C1NC(=O)C(=Cc2ccc3c(c2)OCO3)S1,3584071872,589,1,1,cv,0
O=C(CSc1nnc(-c2ccccc2)[nH]1)Nc1ccccc1,3587369009,590,1,0,cv,1
O=C(CSc1ncnc2sccc12)N1CCN(C(=O)c2ccco2)CC1,3598715857,591,1,1,cv,1
O=C(Oc1ccccc1)N(c1ccccc1)c1ccnc(Nc2ccc(N3CCNCC3)cc2)n1,3612147003,592,1,1,cv,2
O=c1cc(OCc2ccccc2)ccn1Cc1ccc(-c2ccccc2-c2nn[nH]n2)cc1,3618012818,593,1,1,cv,3
c1ccc(OCCC2CCN(c3cccnn3)CC2)cc1,3622264934,594,2,1,cv,4
O=S(=O)(Nc1ccnn1C1CCCC1)c1ccccc1,3627774459,595,1,1,cv,0
c1ccc(OCc2nn(C3CCOCC3)c3ncncc23)cc1,3632579266,596,1,1,cv,1
O=C(Nc1nc2ccccc2n1CCN1CCOCC1)c1ccccc1,3648669068,597,1,1,cv,2
O=C(NCC12CC3CC(CC(C3)C1)C2)c1ccccc1,3653252620,598,4,4,cv,3
c1ccc2c(c1)[nH]c1ccncc12,3667748970,599,1,1,cv,4
c1cc(Nc2nccc(-c3cncs3)n2)cc(N2CCNCC2)c1,3673196822,600,1,1,cv,0
c1ccc(CSc2nc3ccccc3[nH]2)nc1,3675825297,601,1,1,cv,1
O=S(=O)(c1ccccc1)N1CCN(Cc2ccccc2)CC1,3677033520,602,10,8,cv,2
c1ccc(Oc2c(-c3ccccc3)cnc3ccccc23)cc1,3682673092,603,1,1,cv,4
c1ccc(Nc2nccc(-c3ccccc3)n2)cc1,3685444519,604,1,0,cv,0
O=c1[nH]c2cccc(CCNCCc3ccc(CNCCc4ccccc4)cc3)c2s1,3687934341,605,2,2,cv,0
c1ccc(-c2cccs2)cc1,3703919170,606,8,6,cv,1
O=C(NCC1CCCCC1)c1cccc(-n2ncc(=O)[nH]c2=O)c1,3704694212,607,1,1,cv,4
O=C(CCc1cccs1)NC1CC1c1ccccc1,3707855428,608,1,1,cv,4
O=c1[nH]c(=O)c2cc(Cc3cccc4ccccc34)sc2[nH]1,3708880260,609,1,1,cv,0
C1=CC(c2ccccc2)c2cnccc2N1,3715149079,610,1,1,cv,3
O=S(=O)(c1ccccc1)c1c[nH]c2ccccc12,3719739593,611,5,1,cv,4
C1=Cc2ccccc2C1=Cc1ccccc1,3730139069,612,1,0,cv,0
c1ccc(CNc2ccc3ncn(-c4cc[nH]n4)c3n2)nc1,3731131775,613,1,0,cv,0
O=C(Nc1ccccc1)c1ccc[nH+]c1,3743686648,614,1,0,cv,0
c1ccc(C(CCn2ccnc2)c2ccccc2)cc1,3775678922,615,1,0,cv,0
c1ccc([SH+]c2c[nH]c3ccccc23)cc1,3778094769,616,1,0,cv,0
O=C(c1csc2c1CCCC2)N1CCCCC1,3780113273,617,1,1,cv,0
O=S(=O)(Nc1ccccc1Oc1ccccc1)c1ccccc1,3781939494,618,1,0,cv,3
O=C(Nc1ccc(-c2nc3ccccc3o2)cc1)C1CCCC1,3784943564,619,1,1,cv,3
O=C1CNc2ccccc2CCN1,3795115631,620,1,1,cv,4
c1ncc2scnc2n1,3797719769,621,1,1,cv,0
O=S(=O)(c1ccccc1)n1ccc2ccccc21,3802472092,622,1,1,cv,3
c1ccc(-c2cc3ccccc3n2Cc2ccc(OCCN3CCCCCC3)cc2)cc1,3808483211,623,1,1,cv,4
O=S(=O)(Nc1ccnn1C1CCOCC1)c1ccccc1,3816516202,624,1,1,cv,0
c1ccc(C2CC2Nc2ncnc3c2nnn3C2CCCC2)cc1,3825957517,625,3,0,cv,3
O=C(Nc1cccc(NC(=O)c2ccnc(N3CCOCC3)c2)c1)c1ccc(OCc2ccccn2)cc1,3826359784,626,1,1,cv,3
c1ccc(-n2nnnc2NCc2ccccc2Oc2ccccn2)cc1,3826931564,627,1,0,cv,4
O=S(=O)(NC1CCNC1)c1ccccc1,3831582225,628,1,1,cv,4
c1ccc(-c2ccncn2)cc1,3836456616,629,1,1,cv,0
O=S(=O)(c1ccccc1)C1CCN(Cc2ccccc2)CC1,3840163616,630,1,0,cv,1
O=S(=O)(Nc1ccn(-c2ccccc2)n1)c1ccccc1,3844017750,631,1,1,cv,1
O=C(NCCCNCC1CCC(n2cnc3cncnc32)O1)Nc1ccccc1,3849891034,632,1,1,cv,3
c1ccc2c(c1)Nc1ccccc1S2,3858795202,633,1,1,cv,4
c1ccc(OC2CCN(CC3CCN(c4ccccn4)CC3)CC2)cc1,3863190013,634,1,1,cv,0
c1ccc2[nH]ccc2c1,3865009079,635,1,0,cv,1
C(=Cc1nn[nH]n1)c1ccccc1,3865137603,636,1,0,cv,1
c1cc(-c2nc(C3CC3)cc(N3CCOCC3)n2)c2cc[nH]c2c1,3865586538,637,3,3,cv,1
O=C(NCCc1ccccc1)c1cccc2cc(-c3ccc4c(C(=O)NCCc5ccccc5)cccc4c3)ccc12,3870633421,638,1,1,cv,2
c1cc(-c2nc(N3CCOCC3)c3sc(CN4CCNCC4)cc3n2)c2cn[nH]c2c1,3876113528,639,1,1,cv,3
c1ccc(Cn2cnc3cncnc32)cc1,3884544320,640,1,1,cv,4
O=C1COc2c(CCNCCc3ccccc3)cccc2N1,3899218203,641,1,1,cv,0
O=C(NCC(=O)N1CCOCC1)Nc1nc2ccc(-c3cccnc3)cn2n1,3913949324,642,1,1,cv,2
c1ccc(-c2ccc(CN3CCN(Cc4ccncc4)CC3)cc2)cc1,3938809048,643,1,1,cv,3
O=c1[nH]c2cccc(CCNCCCSCCOCCc3cccc4ccccc34)c2s1,3944509616,644,1,1,cv,4
O=C(NCc1ccccc1)c1cccnc1Oc1ccccc1,3945582902,645,2,2,cv,0
O=S(=O)(Nc1ccnn1C1CCCCC1)c1ccccc1,3946401993,646,1,1,cv,2
S=c1[nH]cc(Cc2ccccc2)[nH]1,3953119959,647,1,1,cv,3
O=c1occ(CN2CCN(c3ccc4c(=O)cc5n(c4c3)CS5)CC2)o1,3964294504,648,1,1,cv,4
O=C(C1CCCCN1)N1CCN(c2nc(NCc3ccccc3)c3cccnc3n2)CC1,3978899606,649,1,1,cv,1
c1ccc(C2CCN(CCC(c3ccccc3)c3ccccc3)CC2)cc1,3982319898,650,1,1,cv,2
O=C(NC1CCOCC1)c1cnn(-c2ccccc2)c1NS(=O)(=O)c1ccccc1,3998298764,651,1,1,cv,3
O=C1C=C2C=CC3C(CCC4C3CCC43CCC(=O)O3)C2CC1,4000777873,652,1,1,cv,4
O=C(c1ccccc1)c1ccc2nc[nH]c2c1,4002445578,653,1,0,cv,0
c1ccc(CNc2cncc(Nc3cc[nH]n3)n2)nc1,4003325701,654,1,1,cv,0
O=C(c1ccccc1)c1cnn(-c2ccccc2)c1,4009472128,655,2,0,cv,1
O=C(NCc1ccccc1Sc1ccc2nnc(-c3ccccc3)n2c1)Nc1ccnn1-c1ccccc1,4009956223,656,1,0,cv,1
O=C(OCCc1cnc2ncnn2c1)c1ccccc1,4017885768,657,2,0,cv,1
O=c1ccn(Cc2ccco2)c(=O)[nH]1,4018100277,658,1,0,cv,1
O=C(CSc1nc2cccnc2s1)NCc1ccccc1,4026540088,659,1,0,cv,1
O=c1[nH]c(=O)c2cc(Cn3ccnc3)sc2[nH]1,4026646221,660,1,1,cv,1
O=C1NC(=O)C(c2cnc3ccccn23)=C1c1cn2c3c(cccc13)CN(C(=O)N1CCOCC1)CC2,4027189658,661,1,1,cv,2
O=C(Cn1ccccc1=O)c1ccn(Cc2ccccc2)c1,4035339881,662,1,1,cv,3
O=C(NCCCN1CCC(Oc2ccccc2)CC1)c1cc(=O)[nH]c2ccccc12,4055098400,663,1,0,cv,4
O=C(CSc1nc2c(c(=O)n1-c1ccccc1)SCC2)Nc1ccc(-c2ccccc2)cn1,4057957625,664,1,0,cv,4
c1ccc2nc(-c3ccc(N4CCNCC4)cc3)ccc2c1,4062132002,665,1,1,cv,4
O=C(CCCN1CCC(c2ccccc2)CC1)c1ccccc1,4065487012,666,1,1,cv,0
O=C(NS(=O)(=O)c1ccccc1)c1ccc[nH]1,4070325282,667,1,0,cv,1
C1COCCN1,4075000867,668,1,0,cv,1
O=C(CC12CC3CC(CC(C3)C1)C2)Nc1cccc(C(=O)N2CC3CNCC(C2)O3)c1,4078231682,669,1,1,cv,1
O=C(CSc1nnc(-c2ccccc2)o1)N1CCc2ccccc21,4079660186,670,1,0,cv,2
O=C(Nc1cccc2[nH]ncc12)NC1CCc2ccccc21,4081640268,671,1,1,cv,2
c1ccc(CCc2nc3cccnc3[nH]2)nc1,4085575596,672,3,1,cv,3
c1ccc(Nc2ccnc3ccc(N4CCNCC4)cc23)cc1,4085653771,673,1,1,cv,4
O=C(Nc1ccc(Cc2ccncc2)cc1)c1ccccc1,4087122775,674,1,1,cv,0
O=S(=O)(Nc1ccnn1-c1ccccc1)c1ccccc1,4090780903,675,13,13,cv,1
N=C(C(=O)NC1C(=O)N2C=CCSC12)c1cscn1,4093187821,676,1,0,cv,2
c1ccc(COc2ccc(Nc3ncnc4[nH]nc(OCCN5CCNCC5)c34)cc2)nc1,4093986237,677,1,1,cv,2
O=C(NC1CC1)c1cccc(-c2ccccn2)c1,4094576656,678,1,1,cv,3
c1ccc(-c2cc(C3CC3)nc3ccccc23)cc1,4105839026,679,1,0,cv,4
c1ccc(Cc2ccc3ccccc3n2)cc1,4107507761,680,1,1,cv,4
O=C(CSc1nnc(-c2ccccc2)o1)N1CCN(c2ccccc2)CC1,4111347262,681,1,0,cv,0
O=C(Nc1ccccc1)Nc1ccccc1,4114384197,682,1,0,cv,0
O=C1COC2(CCN(S(=O)(=O)c3ccc(-c4ccc5cnccc5c4)cc3)CC2)CN1C1CC1,4115866545,683,1,1,cv,0
O=S(=O)(Cc1ccccc1)N1CCN(Cc2ccccc2)CC1,4120983526,684,2,1,cv,2
O=C(Nc1cccc(-n2cnc3ccc(N4CCNCC4)cc3c2=O)c1)c1ccccc1,4125665750,685,4,3,cv,3
O=c1[nH]c(-c2cccc(S(=O)(=O)N3CCNCC3)c2)nc2cn[nH]c12,4130639583,686,1,1,cv,4
O=c1c(NCc2ccccc2)c(Nc2ccccc2)c1=O,4134512717,687,1,0,cv,0
O=C(CN(Cc1ccccc1)C1CCCCC1)Nc1ccccc1,4140482785,688,1,1,cv,0
c1ccc(CSc2ncc3sc(NC4CC4)nc3n2)cc1,4159779313,689,2,2,cv,2
O=C1CC2CCC1(CS(=O)(=O)N1CCN(c3ccccn3)CC1)C2,4165970212,690,3,2,cv,4
O=S(=O)(Nc1ccnn1-c1ccccn1)c1ccccc1,4174874637,691,1,0,cv,0
O=C(NCc1ccccc1)c1cc(-c2ccco2)on1,4178051040,692,1,1,cv,0
O=C(Nc1cccc(Nc2ccncn2)c1)c1cccc(N2CCOCC2)c1,4182847584,693,1,1,cv,0
c1cncc(-c2ccc3ncsc3c2)c1,4184983128,694,1,1,cv,2
c1c[nH+]c2cc(Sc3nc(N4CCCC4)c4cc[nH]c4n3)cnc2c1,4191890019,695,1,1,cv,3
O=C(NCC12CC3CC(CC(C3)C1)C2)c1ccnc(NCC2CCNCC2)c1,4193408971,696,1,1,cv,4
O=C(Nc1ccnn1-c1ccccc1)NS(=O)(=O)c1ccccc1,4195870302,697,1,0,cv,0
c1ccc(OCc2cccc(Oc3ccccc3)c2)cc1,4201799907,698,1,1,cv,0
O=C(NC1CC1)c1cc(-c2cccs2)on1,4210222131,699,1,1,cv,2
O=c1[nH]c2cccc(CCNCCCOCCOCCc3ccccc3)c2s1,4214497983,700,1,1,cv,3
O=C(Cc1ccccc1)N1CCN(Cc2ccccc2)CC1,4215389763,701,9,1,cv,4
O=C(Nc1cccnc1)C1CCC(N2C(=O)C3C4CCC(C4)C3C2=O)CC1,4232578578,702,1,1,cv,0
O=C1OC(c2ccccc2)CCN1Cc1ccc(-c2ccccc2)cc1,4245017759,703,2,1,cv,2
O=C(CCOCCc1ccccc1)NCCNCCc1cccc2[nH]c(=O)sc12,4245392977,704,6,4,cv,3
O=c1c2ccccc2nc(CNc2ncnc3[nH]cnc23)n1-c1ccccc1,4250075160,705,1,1,cv,4
O=C(c1cscn1)N1CCOC2(CCN(Cc3ccccc3)CC2)C1,4262521961,706,1,1,cv,0
O=C(CC12CC3CC(CC(C3)C1)C2)Nc1ccccc1,4269591654,707,2,0,cv,2
O=C(c1ccc(OCCN2CCCCC2)cc1)c1c(-c2ccccc2)sc2ccccc12,4274792856,708,1,1,cv,2
c1ccc(CSc2ccccn2)cc1,4275620381,709,1,0,cv,4
c1ccc(-c2nc(NCCNc3ccccn3)ncc2-c2ncc[nH]2)cc1,4286655748,710,1,1,cv,4
O=c1cn[nH]c2cc3c(cc12)OCO3,4288845772,711,1,0,cv,0
O=c1cc[nH]c(=S)[nH]1,4293100514,712,1,0,cv,0
