activity_id,chembl_id,scaffold_key,outer_fold
14758924,CHEMBL203125,__ACYCLIC__,1
14758935,CHEMBL93484,C1=NC=NCN1c1ccccc1,1
14758945,CHEMBL1689109,O=S(=O)(c1ccccc1)N1CCN(Cc2ccccc2)CC1,3
14758956,CHEMBL1934417,O=S(=O)(Nc1ccn[nH]1)c1ccccc1,4
14758961,CHEMBL2326864,c1ccc(CCc2cscn2)cc1,3
14758962,CHEMBL1539037,O=C(CCc1cnc2ncnn2c1)Nc1ccccc1,2
14758970,CHEMBL375166,O=C(c1c(Cc2cn[nH]c2)sc2[nH]c(=O)[nH]c(=O)c12)N1CCCO1,3
14758971,CHEMBL2207665,O=C(NCCCN1CCC(Oc2ccccc2)CC1)c1ccc(=O)[nH]c1,3
14758972,CHEMBL1020,O=C(c1ccccc1)c1ccc[nH]1,1
14758973,CHEMBL402986,O=c1[nH]c2nc(SCc3ccccc3)ncc2s1,1
14758974,CHEMBL212777,c1ccc2c(-c3c[nH]c4ccccc34)ccnc2c1,2
14758975,CHEMBL1072,c1ccc(Oc2ccccc2)cc1,3
14758976,CHEMBL1743245,O=C(Nc1ccc(N=Nc2ccccc2)cc1)c1ccn[nH]1,3
14758977,CHEMBL2094588,O=C(CN1C2=NCCN2c2ccccc21)c1ccccc1,5
14758978,CHEMBL2158839,c1ccc(CCN2CCC(CN3CCC(Oc4ccccc4)CC3)CC2)cc1,5
14758979,CHEMBL2208423,O=C(NCCCN1CCC(Oc2ccccc2)CC1)c1ccccc1,4
14758980,CHEMBL1778647,c1ccc(-c2ccccc2)cc1,4
14758981,CHEMBL379828,c1ccc2c(-c3c[nH]c4ccccc34)ccnc2c1,2
14758982,CHEMBL211866,O=C(Cc1ccccc1)NC1CCN(CCC(c2ccccc2)c2ccccc2)CC1,1
14758983,CHEMBL2031233,O=C(Nc1cccc(-n2cnc3ccc(N4CCNCC4)cc3c2=O)c1)C1CC1,5
14758984,CHEMBL5,O=c1cc[nH]c2ncccc12,1
14758985,CHEMBL60088,c1ccc2sccc2c1,3
14758986,CHEMBL1738761,c1ccc(COc2ccccc2)cc1,4
14758987,CHEMBL1917428,c1ccc(Sc2c[nH]c3ccccc23)cc1,1
14758988,CHEMBL2158834,c1ccc(OC2CCN(CC3CCN(c4ccccn4)CC3)CC2)cc1,4
14758989,CHEMBL180184,O=C(NCc1ccccc1)NC1CCN(CCC(c2ccccc2)c2ccccc2)CC1,2
14758990,CHEMBL350563,N=C(c1ccccc1)C1CCN(C2CCN(C(=O)c3ccncc3)CC2)CC1,5
14758991,CHEMBL112246,c1ccc(NC2CCNCC2)nc1,4
14758993,CHEMBL669,C=C1c2ccccc2C=Cc2ccccc21,2
14758997,CHEMBL2335901,O=C(NCc1ccc(Nc2ncc3cc(-c4ccncc4)ccc3n2)cc1)C1CCNCC1,5
14758998,CHEMBL1531981,O=C(Nc1ccccc1)c1coc(-c2ccccc2)c1,4
14758999,CHEMBL1766779,O=C(Nc1ccccc1)c1cncc(-c2ccccc2)n1,4
14759000,CHEMBL1934268,O=S(=O)(Nc1ccn[nH]1)c1ccccc1,4
14759774,CHEMBL2031559,O=C(Nc1cccc(-c2nnn[nH]2)c1)c1cccc2[nH]cnc12,2
14759778,CHEMBL1090089,O=c1[nH]c2ncncc2cc1Oc1ccccc1,1
14759783,CHEMBL1689112,O=C(c1ccccc1)N1CCN(Cc2ccccc2)CC1,5
14759791,CHEMBL1355736,O=c1[nH]c(=O)c2nc[nH]c2[nH]1,3
14759795,CHEMBL1688458,c1ccc(OCc2cccc(Oc3ccccc3)c2)cc1,1
14759804,CHEMBL1807823,O=c1[nH]c2cccc(CCNCCSCCCNCCc3ccccc3)c2s1,3
14759805,CHEMBL196707,O=S(=O)(c1ccccc1)n1ccc2ccccc21,2
14759806,CHEMBL1689111,O=S(=O)(Cc1ccccc1)N1CCN(Cc2ccccc2)CC1,1
14759807,CHEMBL209689,c1ccc2c(-c3c[nH]c4ccccc34)ccnc2c1,2
14759808,CHEMBL2057372,O=C(NCC(=O)N1CCOCC1)Nc1nc2ccc(-c3cccnc3)cn2n1,3
14759809,CHEMBL2057371,O=C(NCC(=O)N1CCCC1)Nc1nc2ccc(-c3cccnc3)cn2n1,1
14759810,CHEMBL1290183,O=C(c1ccccc1)N1CCC2(CCN(Cc3ccccc3)CC2)CC1,2
14759811,CHEMBL1916288,O=S(=O)(Nc1ccnn1-c1ccccc1)c1ccccc1,2
14759812,CHEMBL193240,O=C(Nc1ccncc1)c1cccc(OCC2CC2)c1,2
14759813,CHEMBL1934420,O=S(=O)(Nc1ccnn1C1CCNCC1)c1ccccc1,3
14759814,CHEMBL2171035,O=C(NS(=O)(=O)c1ccccc1)N1CCC(N2CCC(Oc3ccccc3)CC2)CC1,5
14759815,CHEMBL1689115,O=S(=O)(Cc1ccccc1)N1CCCN(Cc2ccccc2)CC1,5
14759816,CHEMBL1078685,c1cc(-c2n[nH]c(-c3ccncc3)n2)ccn1,1
14759817,CHEMBL233263,c1coc(CSc2ncc3scnc3n2)c1,5
14759818,CHEMBL591931,c1ccc(-c2cccc3sccc23)cc1,4
14759819,CHEMBL1689119,O=S(=O)(c1ccccc1)N1CCN(Cc2ccccc2)CC1,3
14759820,CHEMBL211631,c1ccc2c(-c3c[nH]c4ccccc34)ccnc2c1,2
14759821,CHEMBL1478592,O=C(Nc1ccccc1)c1cc2cncnc2s1,4
14759822,CHEMBL100391,c1ccc(Nc2ccnc(Nc3ccccc3)n2)cc1,2
14759823,CHEMBL1917461,c1ccc(Sc2c[nH]c3cccnc23)cc1,4
14759824,CHEMBL313907,O=S(=O)(Nc1nc(-c2ccccc2)nn1Cc1ccccc1)c1ccccc1,5
14759825,CHEMBL2031464,O=C(NC1CCC1)c1cccc(-n2cnc3ccc(N4CCNCC4)cc3c2=O)c1,2
14759836,CHEMBL1090090,c1ccc(Nc2cccc(-c3ccccc3)n2)cc1,3
14759837,CHEMBL168899,O=C1Nc2ccccc2BN1c1ccccc1,2
14759846,CHEMBL1464,O=c1oc2ccccc2cc1Cc1ccccc1,2
14759847,CHEMBL1939560,O=C(Cc1ccccc1)N(Cc1nc2ncccc2c(=O)n1-c1ccccc1)CC1CCS(=O)(=O)CC1,2
14759848,CHEMBL1460615,O=S1(=O)CCC(N2CCC(c3ccccc3)CC2)C1,1
14759854,CHEMBL284275,c1ccc(Cc2cn[nH]c2)cc1,5
14759855,CHEMBL106309,c1ccc(Cc2ccc3ccccc3n2)cc1,5
14759860,CHEMBL1173055,O=C1NCCc2c(-c3ccccc3)[nH]c3cccc1c23,1
14759861,CHEMBL1459588,c1ccccc1,5
14759862,CHEMBL1829174,c1ccc(-c2cccc(COc3ccc4c(c3)OCC4)c2)cc1,3
14759863,CHEMBL2158785,c1ccc(CCN2CCC(CN3CCC(Oc4ccccc4)CC3)CC2)cc1,5
14759864,CHEMBL206200,c1ccc(Cn2cnc3cncnc32)cc1,4
14759865,CHEMBL214350,c1ccc2c(-c3c[nH]c4ccccc34)ccnc2c1,2
14759874,CHEMBL12,O=C1CN=C(c2ccccc2)c2ccccc2N1,4
14759875,CHEMBL451,C1=Nc2ccccc2C(c2ccccc2)=[NH+]C1,5
14759876,CHEMBL2325719,c1cc(-c2nc(C3CC3)cc(N3CCOCC3)n2)c2cc[nH]c2c1,1
14759891,CHEMBL2158769,c1ccc(CCN2CCC(CN3CCC(Oc4ccccc4)CC3)CC2)cc1,5
14759892,CHEMBL401158,c1ncc2nnn(C3CCCC3)c2n1,3
14759893,CHEMBL1934416,O=S(=O)(Nc1ccn[nH]1)c1ccccc1,4
14759894,CHEMBL1916278,O=C(NC1CCOCC1)c1cnn(-c2ccccc2)c1NS(=O)(=O)c1ccccc1,3
14759895,CHEMBL1643194,O=C(Nc1ccccc1)C1c2ccccc2CN1Cc1ccccc1,3
14759896,CHEMBL2207281,O=C(NCCCN1CCC(Oc2ccccc2)CC1)c1c[nH]c(=O)c2ccccc12,3
14759897,CHEMBL2207662,O=C(NCCCN1CCC(Oc2ccccc2)CC1)c1ccc(=O)[nH]c1,3
14759898,CHEMBL2207671,O=C(NCCCN1CCC(Oc2ccccc2)CC1)c1c[nH]c(=O)c2ccccc12,3
14759899,CHEMBL416,O=c1ccc2cc3ccoc3cc2o1,3
14759900,CHEMBL2207664,O=C(NCCCN1CCC(Oc2ccccc2)CC1)c1ccc(=O)[nH]c1,3
14759901,CHEMBL1086473,c1ccc(Cn2cnc3cnc4ccccc4c32)cc1,2
14759902,CHEMBL426823,c1cnnc(N2CCC(CCOc3ccc4ncoc4c3)CC2)c1,2
14759903,CHEMBL1163803,O=C(NCc1ccccc1)NC1CCN(CCC(c2ccccc2)c2ccccc2)CC1,2
14759904,CHEMBL2158823,c1ccc(OC2CCN(CC3CCN(c4ccccc4)CC3)CC2)cc1,4
14759905,CHEMBL2031238,O=C(Nc1cccc(-n2cnc3ccc(N4CCNCC4)cc3c2=O)c1)c1ccoc1,4
14759906,CHEMBL1778618,c1ccc(-c2ccccc2)cc1,4
14759907,CHEMBL452529,c1ccc(-c2cccs2)cc1,1
14759908,CHEMBL1082811,O=c1cc(-c2ccccc2)nc(SCc2ccccc2)[nH]1,4
14759909,CHEMBL2171048,O=C(NS(=O)(=O)c1ccccc1)N1CCC(N2CCC(Oc3ccccc3)CC2)CC1,5
14759910,CHEMBL2158815,c1ccc(CN2CCC(N3CCC(Oc4ccccc4)CC3)CC2)cc1,4
14759911,CHEMBL441550,O=C(c1c(Cc2ccccc2)sc2[nH]c(=O)[nH]c(=O)c12)N1CCS(=O)(=O)C1,2
14759912,CHEMBL2171043,O=C(NS(=O)(=O)c1ccccc1)N1CCC(N2CCC(Oc3ccccc3)CC2)CC1,5
14759913,CHEMBL2207656,O=C(NCCCN1CCC(Oc2ccccc2)CC1)c1c[nH]c(=O)c2ccccc12,3
14759914,CHEMBL205078,O=C(Nc1cc(-c2ccnc(Nc3ccccc3)c2)ccn1)C1CCOCC1,5
14759921,CHEMBL2041980,c1ccc(-c2cncc(-c3cccnc3)c2)cc1,5
14759922,CHEMBL318021,c1ccc(OCc2ccc3ccccc3n2)cc1,2
14759923,CHEMBL256668,O=c1cnc2cnc(SCc3ccccc3)nc2[nH]1,5
14759930,CHEMBL35,c1ccc(NCc2ccco2)cc1,4
14759931,CHEMBL782,c1ccccc1,5
14759932,CHEMBL2017259,O=C(Nc1ccc(-n2ccnc2)nc1)c1ccccc1,5
14759933,CHEMBL550175,O=S(=O)(c1ccccc1)N1CCN(c2ccccc2)CC1,4
14759934,CHEMBL1689110,O=S(=O)(c1ccccc1)N1CCN(Cc2ccccc2)CC1,3
14759937,CHEMBL46,O=C1c2c([nH]c3ccccc23)CCC1Cn1ccnc1,3
14759938,CHEMBL382435,O=C(Cc1ccccc1)NC1CCN(CCC(c2ccccc2)c2ccccc2)CC1,1
14759943,CHEMBL1340633,c1ccc(Nc2ccc(-c3ccc(Nc4ccccc4)cc3)cc2)cc1,2
14759944,CHEMBL206229,O=c1[nH]c(=O)c2cc(Cc3ccccc3)sc2[nH]1,3
14759950,CHEMBL2070946,O=C(NC1CC1)C1CCCCC1C(=O)N1CCN(c2nccs2)CC1,4
14759955,CHEMBL1088752,O=C(NC1CC1)c1cccc(-c2ccccn2)c1,2
14759956,CHEMBL1214,O=C(Cc1ccccc1)NC1C(=O)N2CCSC12,5
14759957,CHEMBL2070938,O=C(NC1CC1)C1CCCCC1C(=O)N1CCN(c2nccs2)CC1,4
14759966,CHEMBL108,C1=Cc2ccccc2Nc2ccccc21,2
14759967,CHEMBL378730,c1ccc2c(-c3c[nH]c4ccccc34)ccnc2c1,2
14759968,CHEMBL1934422,O=S(=O)(Nc1ccnn1C1CCOCC1)c1ccccc1,5
14759969,CHEMBL1917446,O=S(=O)(c1ccccc1)c1c[nH]c2ccccc12,5
14759970,CHEMBL521509,O=C(NC1CC1)c1cn(-c2cccc(C#Cc3cccnc3)c2)c2ncccc2c1=O,1
14759971,CHEMBL1221702,C1=NCCOc2ccsc21,2
14759972,CHEMBL2031227,O=C(Nc1cccc(-n2cnc3ccc(N4CCNCC4)cc3c2=O)c1)c1ccccc1,5
14759973,CHEMBL184012,O=C(Nc1cccc(NC(=O)c2ccnc(N3CCOCC3)c2)c1)c1ccc(OCc2ccccn2)cc1,3
14759974,CHEMBL2018954,O=S(=O)(Nc1nccnc1OCc1ccccc1)c1ccccc1,2
14759975,CHEMBL1537460,O=C(Nc1ccc(Cc2ccncc2)cc1)c1ccccc1,3
14759976,CHEMBL491758,c1ccc(Nc2ccnc(Nc3ccccc3)n2)cc1,2
14759977,CHEMBL282625,C(=Cc1cccc2sccc12)c1ccc2c(c1)OCO2,1
14759978,CHEMBL2031224,O=C(Nc1cccc(-n2cnc3ccc(N4CCNCC4)cc3c2=O)c1)c1ccccc1,5
14759979,CHEMBL2031241,O=C(Nc1nccs1)c1cccc(-n2cnc3ccc(N4CCNCC4)cc3c2=O)c1,4
14759980,CHEMBL2163360,O=C(NC1CC1)C1CCCCC1C(=O)N1CCc2[nH]c3ncccc3c2C1,5
14759981,CHEMBL1689129,O=C(Cc1ccccc1)N1CCN(Cc2ccccc2)CC1,5
14759982,CHEMBL1917418,c1ccc(Sc2c[nH]c3ccccc23)cc1,1
14759983,CHEMBL2208422,O=S(=O)(NCCCN1CCC(Oc2ccccc2)CC1)c1ccccc1,2
14759984,CHEMBL383696,O=c1[nH]c(=O)c2c(SC3CCCC3)c(Cc3ccccc3)sc2[nH]1,2
14759988,CHEMBL1783112,c1ccc2c(-n3ccnn3)ccnc2c1,5
14759993,CHEMBL2151326,c1ccc(Cn2cnc3ccc(Nc4cc[nH]n4)nc32)nc1,1
14759997,CHEMBL2325697,c1cc(-c2nc(C3CC3)cc(N3CCOCC3)n2)c2cc[nH]c2c1,1
14759998,CHEMBL243001,O=c1c2cc(Oc3ccccc3)ccc2ncn1CC1CCCNC1,1
14759999,CHEMBL1290353,c1ccccc1,5
14760001,CHEMBL1779512,O=C(NCC1CCCCCC1)c1cccc(-n2ncc(=O)[nH]c2=O)c1,1
14760002,CHEMBL1934266,O=S(=O)(Nc1ccn[nH]1)c1ccccc1,4
14760003,CHEMBL1951909,O=C(Cc1ccccc1)NC1CCN(CCC(c2ccccc2)N2CCNCC2)CC1,1
14760008,CHEMBL2017291,O=c1[nH]c2cnc3cc(-c4cnoc4)ccc3c2n1Cc1ccccn1,1
14760009,CHEMBL66089,c1ccc(-c2cc(-c3ccc(N4CCOCC4)nc3)nc3ncncc23)cc1,3
14760013,CHEMBL1645105,c1cncc(-c2ccc3ncsc3c2)c1,5
14760014,CHEMBL1363924,O=C(CSc1nnc(-c2cccnc2)[nH]1)Nc1ccon1,1
14760020,CHEMBL1256967,O=C(NC1CNC1=O)C(=NOCc1cc(=O)cc[nH]1)c1cscn1,4
14760021,CHEMBL580,O=C1CN=C(c2ccccc2)c2ccccc2N1,4
14760031,CHEMBL1807827,O=c1[nH]c2cccc(CCNCCSCCCNCCc3ccccc3)c2s1,3
14760032,CHEMBL54,O=C(CCCN1CCC(c2ccccc2)CC1)c1ccccc1,1
14760034,CHEMBL552513,O=C(Cc1ccccc1)Nc1cccc2c(=O)n(C3CCNC3)ccc12,2
14760035,CHEMBL1917440,c1ccc(Sc2c[nH]c3cccc(-c4cnccn4)c23)cc1,4
14760036,CHEMBL855,C(CN1CCCC1)=C(c1ccccc1)c1ccccn1,3
14760037,CHEMBL2158822,c1ccc(OC2CCN(CC3CCN(c4ccccc4)CC3)CC2)cc1,4
14761124,CHEMBL2207280,O=C(NCCCN1CCC(Oc2ccccc2)CC1)c1c[nH]c(=O)c2ccccc12,3
14761125,CHEMBL1689120,O=S(=O)(c1ccccc1)N1CCN(Cc2ccccc2)CC1,3
14761126,CHEMBL2158775,c1ccc(CCN2CCC(CN3CCC(Oc4ccccc4)CC3)CC2)cc1,5
14761127,CHEMBL2158840,c1ccc(CCN2CCC(CN3CCC(Oc4ccccc4)CC3)CC2)cc1,5
14761128,CHEMBL341087,O=C(c1cc2ccccc2[nH]1)N1CCNCC1,2
14761129,CHEMBL2332935,c1ccc(OCCCN2CCC3(CC2)Cc2ccccc2O3)cc1,3
14761130,CHEMBL2208435,O=C(NCCCN1CCC(Oc2ccccc2)CC1)c1cnnc2ccccc12,1
14761134,CHEMBL232846,c1ccc(CSc2ncc3scnc3n2)cc1,4
14761135,CHEMBL272705,O=c1[nH]c2nc(SCc3ccco3)ncc2s1,4
14761136,CHEMBL495727,O=C(Nc1c[nH]nc1-c1nc2ccc(CN3CCOCC3)cc2[nH]1)NC1CC1,1
14761137,CHEMBL398338,O=C(Nc1cccc2[nH]ncc12)NC1CCc2ccccc21,1
14761138,CHEMBL2220442,c1ccc(-c2c[nH]c3ccccc23)cc1,5
14761139,CHEMBL2158828,c1ccc(OC2CCN(CC3CCN(c4ccccc4)CC3)CC2)cc1,4
14761140,CHEMBL380005,O=C(Cc1ccccc1)NC1CCN(CCC(c2ccccc2)c2ccccc2)CC1,1
14761141,CHEMBL1779497,O=C(NCC1CCCCC1)c1cccc(-n2ncc(=O)[nH]c2=O)c1,5
14761149,CHEMBL2048873,O=C1NC(=O)C(=Cc2cccc(-c3ccncc3)c2N2CCCCC2)S1,3
14761150,CHEMBL403225,O=c1[nH]c2nc(SCc3ccccc3)ncc2s1,1
14761156,CHEMBL1241590,c1ccccc1,5
14761157,CHEMBL274737,c1ccc(CSc2ncc3scnc3n2)cc1,4
14761158,CHEMBL403313,c1ccc(-c2cc3ccccc3[nH]2)cc1,1
14761161,CHEMBL1831130,O=C(NCC1CN(c2ccnc3ccccc23)C(=O)O1)C1CC1,2
14761162,CHEMBL2325699,c1cc(-c2nc(C3CC3)cc(N3CC4CCC(C3)O4)n2)c2cc[nH]c2c1,4
14761168,CHEMBL1363,c1ccc(CCNCCc2ccccc2)cc1,4
14761169,CHEMBL1807821,O=c1[nH]c2cccc(CCNCCCOCCOCCc3ccccc3)c2s1,5
14761170,CHEMBL1916285,O=S(=O)(Nc1ccnn1-c1ccccc1)c1cccc(CN2CCOCC2)c1,1
14761171,CHEMBL1778623,c1ccc(-c2ccccc2)cc1,4
14761172,CHEMBL1916263,O=S(=O)(Nc1ccn(-c2ccccc2)n1)c1ccccc1,3
14761173,CHEMBL2207661,O=C(NCCCN1CCC(Oc2ccccc2)CC1)c1c[nH]nc1C1CC1,2
14761174,CHEMBL2171014,O=C(NS(=O)(=O)c1ccccc1)N1CCC(N2CCC(Oc3ccccc3)CC2)CC1,5
14761175,CHEMBL2207278,O=C(NCCCN1CCC(Oc2ccccc2)CC1)c1c[nH]c(=O)c2ccccc12,3
14761176,CHEMBL1689123,O=S(=O)(c1ccccc1)N1CCN(Cc2ccccc2)CC1,3
14761177,CHEMBL2171018,O=C(NCCN1CCC(Oc2ccccc2)CC1)c1ccccc1,3
14761178,CHEMBL452021,c1ccc(-c2cccs2)cc1,1
14761179,CHEMBL1778617,c1ccc(-c2cccc(-c3nccs3)c2)cc1,5
14761180,CHEMBL1945037,O=c1[nH]c2cccc(CCNCCc3cccc(CNCCCc4ccccc4)c3)c2s1,1
14761181,CHEMBL686,c1ccc(Nc2ccccc2)cc1,3
14761182,CHEMBL86276,c1ccc(Cn2cnc(-c3ccccc3)n2)cc1,5
14761183,CHEMBL257269,O=c1ccc2cnc(SCc3ccccc3)nc2[nH]1,5
14761191,CHEMBL426658,c1ccc(-c2cnc3ccc(NC4CCOCC4)nn23)cc1,5
14761192,CHEMBL2180612,O=C1CCCC2=C1C(c1ccc(-c3ccccc3)cc1)C=CN2,2
14761197,CHEMBL1956112,N=C(Nc1ccc2c(c1)CCCN2CCC1CCCN1)c1cccs1,2
14761199,CHEMBL1346,c1ccc(C(c2ccccc2)C2CCN(CCc3ccc4c(c3)CCO4)C2)cc1,3
14761202,CHEMBL1389370,c1ncc2sc3nc(N4CCOCC4)c4c(c3c2n1)CCCC4,4
14761209,CHEMBL1922660,c1ccc(COc2ccc3c(ccn3Cc3ccc(-c4cccnc4)cc3)c2)nc1,3
14761211,CHEMBL2170989,O=C(NCCCSCC1CCC(n2cnc3cncnc32)O1)Nc1ccccc1,3
14761212,CHEMBL171951,B1NN=Cc2ccccc21,2
14761228,CHEMBL1916289,O=S(=O)(Nc1ccnn1-c1ccccc1)c1ccccc1,2
14761229,CHEMBL563784,O=C(NCC12CC3CC(CC(C3)C1)C2)c1ccnc(N2CCNCC2)c1,2
14761230,CHEMBL1778642,c1ccc(-c2ccccc2)cc1,4
14761231,CHEMBL2207667,O=C(NCCCN1CCC(Oc2ccccc2)CC1)c1c[nH]c(=O)c2ccccc12,3
14761232,CHEMBL2171013,O=C(NS(=O)(=O)c1ccccc1)N1CCC(N2CCC(Oc3ccccc3)CC2)CC1,5
14761233,CHEMBL495383,O=C(Nc1ccccc1)c1cc2ccccc2[nH]1,2
14761234,CHEMBL2011440,O=S(=O)(Nc1cnccn1)c1cccs1,5
14761235,CHEMBL180155,O=C(Cc1ccccc1)NC1CCN(CCC(c2ccccc2)c2ccccc2)CC1,1
14761236,CHEMBL38380,O=S(=O)(c1cccc2cnccc12)N1CCCNCC1,5
14761237,CHEMBL1766793,O=C(Nc1ccccc1)c1cncc(-c2ccccc2)n1,4
14761244,CHEMBL1297,c1ccc(Oc2ccccc2)cc1,3
14761250,CHEMBL72,c1ccc2c(c1)CCc1ccccc1N2,3
14761251,CHEMBL1807829,O=c1[nH]c2cccc(CCNCCSCCCNCCc3ccccc3)c2s1,3
14761252,CHEMBL2171037,O=C(NS(=O)(=O)c1ccccc1)N1CCC(N2CCC(Oc3ccccc3)CC2)CC1,5
14761254,CHEMBL129660,O=C(c1cc2ccccc2[nH]1)N1CCNCC1,2
14761261,CHEMBL496929,O=C(Nc1ccccc1)c1cc2ccccc2[nH]1,2
14761266,CHEMBL1922094,c1ncc(-c2nc(N3CCOCC3)c3sc(CN4CCNCC4)cc3n2)cn1,5
14761267,CHEMBL1834184,O=C(Nc1ccc(-c2nc3ccccc3o2)cc1)C1CCCC1,3
14761271,CHEMBL1689117,O=S(=O)(c1ccccc1)N1CCN(Cc2ccccc2)CC1,3
14761272,CHEMBL1934413,O=S(=O)(Nc1ccnn1C1CCC1)c1ccccc1,4
14761273,CHEMBL1289545,O=C(c1cscn1)N1CCOC2(CCN(Cc3ccccc3)CC2)C1,2
14761274,CHEMBL2171034,O=C(NS(=O)(=O)c1ccccc1)N1CCC(N2CCC(Oc3ccccc3)CC2)CC1,5
14761275,CHEMBL393717,O=C(NCC12CC3CC(CC(C3)C1)C2)c1cccc(N2CCNCC2)c1,5
14761276,CHEMBL1681882,c1ccc(CN2CCC(N3CCN(c4ccccn4)CC3)CC2)cc1,5
14761277,CHEMBL1643200,O=C(Nc1ccccc1)C1Cc2ccccc2CN1Cc1ccccc1,4
14761278,CHEMBL1778624,c1ccc(-c2ccccc2)cc1,4
14761279,CHEMBL1807870,O=c1[nH]c2cccc(CCNCCCSCCNCCc3ccccc3)c2s1,4
14761280,CHEMBL1689124,O=S(=O)(c1ccccc1)N1CCN(Cc2ccccc2)CC1,3
14761281,CHEMBL598191,c1ccc(COc2cccc3sccc23)cc1,1
14761282,CHEMBL109244,O=C(NCCCCCCNCCc1cccc2ncsc12)Nc1ccccc1,3
14761283,CHEMBL564535,O=C(NCC12CC3CC(CC(C3)C1)C2)c1ccccc1,3
14761284,CHEMBL1917422,c1ccc(Sc2cn(Cc3nnn[nH]3)c3ccccc23)cc1,3
14761285,CHEMBL380936,c1ccc(CNc2ncc3ncn(Cc4ccccc4)c3n2)cc1,2
14761286,CHEMBL359806,c1ccc(CNc2[nH]nc3cccc(Oc4ccccc4)c23)cc1,5
14761287,CHEMBL280148,c1ccc2nc(-c3ccc(N4CCNCC4)cc3)ccc2c1,2
14761288,CHEMBL223402,O=C(Nc1ccccc1)NC1N=C(c2ccccc2)c2ccccc2NC1=O,2
14761289,CHEMBL1472189,O=C(Cc1ccccc1)Nc1nc2ccccc2[nH]1,4
14761290,CHEMBL370492,c1ccc(Oc2c(-c3ccccc3)cnc3ccccc23)cc1,1
14761291,CHEMBL1857945,c1ccc(-c2ccn3nc(-c4ccccc4)cc3n2)cc1,5
14761292,CHEMBL2325704,c1cc(-c2nc(C3CC3)cc(N3CCOCC3)n2)c2cc[nH]c2c1,1
14761298,CHEMBL174107,C1=NC=NCN1c1ccccc1,1
14761299,CHEMBL2153435,c1ccc(C2=NCc3nncn3-c3ccccc32)cc1,1
14761300,CHEMBL1824832,O=C(NS(=O)(=O)c1ccc(Oc2ccccc2)cc1)c1cccc(-c2ccccc2)c1,1
14761302,CHEMBL2181928,O=C1COc2ccc(N3CCOCC3c3ccccc3)nc2N1,5
14761311,CHEMBL1916273,O=S(=O)(Nc1ccnn1-c1ccccc1)c1ccccc1,2
14761312,CHEMBL191553,c1ccc(CNc2[nH]nc3ccnc(Oc4ccccc4)c23)cc1,5
14761313,CHEMBL271703,c1ccc(CSc2ncc3nccnc3n2)cc1,4
14761314,CHEMBL2158829,c1ccc(OC2CCN(CC3CCN(c4ccccc4)CC3)CC2)cc1,4
14761315,CHEMBL1917441,c1ccc(Sc2c[nH]c3ccccc23)cc1,1
14761316,CHEMBL98345,O=S(=O)(Nc1ccccc1)c1ccccc1,1
14761317,CHEMBL181913,O=C(Cc1ccccc1)NC1CCN(CCC(c2ccccc2)c2ccccc2)CC1,1
14761318,CHEMBL1778629,c1ccc(-c2ccccc2)cc1,4
14761319,CHEMBL1778625,c1ccc(-c2ccccc2)cc1,4
14761320,CHEMBL459353,O=C(c1ccco1)N(Cc1ccccc1)c1ccccc1,1
14761321,CHEMBL2171015,O=C(NS(=O)(=O)N1CCC(N2CCC(Oc3ccccc3)CC2)CC1)c1ccccc1,3
14761322,CHEMBL379082,O=C(Cc1ccccc1)NC1CCN(CCC(c2ccccc2)c2ccccc2)CC1,1
14761323,CHEMBL560241,O=C(NCC1CCCCCC1)c1cccc(-c2cc[nH]n2)c1,3
14761331,CHEMBL894,c1ccccc1,5
14761340,CHEMBL1448843,O=C(CSc1ccccc1)N1CCN(C(=O)c2ccco2)CC1,5
14761341,CHEMBL1209915,c1ccc(C2=NNC(c3ccccc3)C2)cc1,2
14761343,CHEMBL2164678,O=C(NC1CC1)C1CCCCC1C(=O)N1CCc2[nH]c3ccccc3c2C1,4
14761348,CHEMBL2141746,O=S(=O)(c1cccnc1)N1CCCC1,2
14761349,CHEMBL203059,O=C(Nc1cc(-c2ccnc(Nc3ccccc3)c2)ccn1)C1CCOCC1,5
14761357,CHEMBL244521,O=c1c2cc(-c3ccccc3)ccc2ncn1CC1CCCNC1,4
14761363,CHEMBL392559,O=C(NCC12CC3CC(CC(C3)C1)C2)c1cccc(CN2CC3CC2CN3)c1,4
14761364,CHEMBL511115,c1cc(OC2CCCC2)cc(C2CCCCC2)c1,3
14761365,CHEMBL568904,c1cnc2sccc2c1,5
14761366,CHEMBL1778627,c1ccc(-c2ccccc2)cc1,4
14761367,CHEMBL1916269,O=S(=O)(Nc1ccn[nH]1)c1ccccc1,4
14761368,CHEMBL1807826,O=c1[nH]c2cccc(CCNCCSCCCNCCc3ccccc3)c2s1,3
14761369,CHEMBL2207672,O=C(NCCCN1CCC(Oc2ccccc2)CC1)c1c[nH]c(=O)c2ccccc12,3
14761370,CHEMBL244183,c1cn(-c2ccc(Oc3cc(Oc4ccc5c(c4)OCO5)ncn3)cc2)cn1,2
14761371,CHEMBL243978,c1cn(-c2ccc(Oc3nccc(Oc4ccc5c(c4)OCO5)n3)cc2)cn1,4
14761372,CHEMBL360106,O=C(Cc1ccccc1)NC1CCN(CCC(c2ccccc2)c2ccccc2)CC1,1
14761385,CHEMBL11,c1ccc2c(c1)CCc1ccccc1N2,3
14761386,CHEMBL481,O=C1Cc2cc3n(c(=O)c2CO1)Cc1cc2cc(OC(=O)N4CCC(N5CCCCC5)CC4)ccc2nc1-3,4
14762210,CHEMBL2171021,O=C(c1ccccc1)N1CCC(N2CCC(Oc3ccccc3)CC2)CC1,1
14762211,CHEMBL1290184,O=C(c1ccccc1)N1CCC2(CCN(Cc3ccccc3)CC2)CC1,2
14762220,CHEMBL2152523,c1ccc(C(C(c2ccccc2)N2CCCCC2)N2CCCCC2)cc1,4
14762221,CHEMBL345937,O=c1cc2n(c3cc(N4CCNCC4)ccc13)CS2,5
14762222,CHEMBL1455229,O=C(NCc1cccnc1)c1cc(-c2ccco2)on1,3
14762227,CHEMBL605846,O=C1COc2c(CCNCCc3ccccc3)cccc2N1,5
14762228,CHEMBL2031221,O=C(Nc1cccc(-n2cnc3ccc(N4CCNCC4)cc3c2=O)c1)c1cccc(N2CCOCC2)c1,5
14762229,CHEMBL1916286,O=S(=O)(Nc1ccnn1-c1ccccc1)C1CCCCC1,3
14762230,CHEMBL24646,O=C1CCC(c2ccc3[nH]c(-c4ccccc4)nc3c2)=NN1,1
14762231,CHEMBL2207284,O=C(NCCCN1CCC(Oc2ccccc2)CC1)c1c[nH]c(=O)c2ccccc12,3
14762232,CHEMBL257025,c1ccc(CSc2ncc3cn[nH]c3n2)cc1,2
14762233,CHEMBL315970,O=c1[nH]c(=O)c2cn(Cc3cccc4ccccc34)cc2[nH]1,3
14762234,CHEMBL1916083,O=S(=O)(Nc1ccnn1-c1ccccc1)c1ccccc1,2
14762235,CHEMBL1945298,O=c1[nH]c2cccc(CCNCCOc3cccc(CNCCc4ccccc4)c3)c2s1,2
14762236,CHEMBL2207276,O=C(NCCCN1CCC(Oc2ccccc2)CC1)c1c[nH]c(=O)c2ccccc12,3
14762237,CHEMBL2158774,c1ccc(CCN2CCC(CN3CCC(Oc4ccccc4)CC3)CC2)cc1,5
14762238,CHEMBL337962,O=C(Nc1ccccc1)Nc1ccccc1CN1CCC(Cc2ccccc2)CC1,5
14762241,CHEMBL1232461,c1ccc(C2=NCc3nncn3-c3ccccc32)cc1,1
14762242,CHEMBL1164033,O=S(=O)(Nc1ccccc1)c1ccccc1,1
14762243,CHEMBL168634,O=S(=O)(c1ccccc1)N1Bc2ccccc2C=N1,2
14762244,CHEMBL1829763,O=C1OC(c2ccccc2)CCN1Cc1ccc(-c2ccccc2)cc1,4
14762252,CHEMBL1929039,O=C1COc2ccc(-c3ccnn3-c3ccccc3)cc2N1,5
14762253,CHEMBL1463345,O=C1C=C2C=CC3C(CCC4C3CCC43CCC(=O)O3)C2CC1,3
14762254,CHEMBL2070137,c1ccc(-c2cccc(-c3nc4ccccc4[nH]3)c2)cc1,4
14762255,CHEMBL29609,c1cc(CCCOc2ccc(-c3ncon3)cc2)on1,1
14762263,CHEMBL435859,B1c2ccccc2N=CN1c1cccnc1,3
14762264,CHEMBL521851,c1cc(-c2nc(N3CCOCC3)c3sc(CN4CCNCC4)cc3n2)c2cn[nH]c2c1,5
14762270,CHEMBL556680,O=C(CC12CC3CC(CC(C3)C1)C2)Nc1cccc2c(=O)n(CC3CCCN3)ccc12,3
14762271,CHEMBL108922,c1ccc(OCCC2CCN(c3cccnn3)CC2)cc1,4
14762272,CHEMBL235392,O=C(NCC12CC3CC(CC(C3)C1)C2)c1cccc(CN2CC3CNCC(C2)O3)c1,4
14762273,CHEMBL371888,c1ccc(COc2ccc(Nc3ncnc4ccccc34)cc2)nc1,3
14762274,CHEMBL1643199,O=C(Nc1ccccc1)C1c2ccccc2CCN1Cc1ccccc1,2
14762275,CHEMBL1939418,c1ccc(Nc2ncnc3[nH]cnc23)cc1,4
14762276,CHEMBL551707,O=C(NCC12CC3CC(CC(C3)C1)C2)c1cccc2nc(N3CCCC(NCCc4nnn[nH]4)C3)ccc12,1
14762277,CHEMBL1397672,O=c1c(Cc2ccccc2)c[nH]c2nc(NCc3ccccc3)nn12,4
14762281,CHEMBL42,c1ccc2c(c1)N=C(N1CCNCC1)c1ccccc1N2,4
14762282,CHEMBL957,O=S(=O)(Nc1nc(-c2ncccn2)ncc1Oc1ccccc1)c1ccccc1,3
14762283,CHEMBL2170837,O=S(=O)(Nc1ccc(N2CCN(c3cccc(-c4cc[nH]c4-c4ccccc4)c3)CC2)cc1)c1ccc(NC(CCN2CCCCC2)CSc2ccccc2)cc1,3
14762291,CHEMBL422648,O=c1occ(CN2CCN(c3ccc4c(=O)cc5n(c4c3)CS5)CC2)o1,4
14762292,CHEMBL1916280,O=S(=O)(Nc1ccnn1-c1ccccc1)c1ccccc1,2
14762294,CHEMBL570899,c1cnc(CNc2cncc(Nc3cc[nH]n3)n2)nc1,2
14762295,CHEMBL2012204,c1ccc(-c2ccc(COCCc3ccon3)cc2)cc1,5
14762296,CHEMBL1645135,O=C(NCc1ccccc1)c1cccc2c1N(Cc1ccccc1)CC2,1
14762302,CHEMBL1939414,c1ccc(Nc2ncnc3[nH]cnc23)cc1,4
14762303,CHEMBL1672434,O=S(=O)(NC1CCNC1)c1ccccc1,3
14762304,CHEMBL2031225,O=C(Nc1cccc(-n2cnc3ccc(N4CCNCC4)cc3c2=O)c1)c1ccccc1,5
14762305,CHEMBL1945031,O=c1[nH]c2cccc(CCNCCc3cccc(CNCCc4c[nH]c5ccccc45)c3)c2s1,5
14762306,CHEMBL1523918,O=S(=O)(Nc1nnc(-c2ccccc2)s1)c1ccccc1,2
14762307,CHEMBL369311,O=C(Cc1ccccc1)NC1CCN(CCC(c2ccccc2)c2ccccc2)CC1,1
14762308,CHEMBL1917439,c1ccc(Sc2c[nH]c3ccc(-c4ccccc4)cc23)cc1,2
14762319,CHEMBL1956334,O=C(Nc1cccnc1)C1CCC(N2C(=O)C3C4CCC(C4)C3C2=O)CC1,5
14762328,CHEMBL1944691,O=c1[nH]c2cccc(CCNCCc3cccc(CNCCc4ccccc4)c3)c2s1,2
14762329,CHEMBL1934269,O=S(=O)(Nc1ccn[nH]1)c1ccccc1,4
14762330,CHEMBL1770476,O=C(NCc1nc2cnccc2[nH]1)c1cc2ccccc2o1,2
14762331,CHEMBL290548,O=C(CC1CNCCN1c1ccnc(-n2ccnc2)n1)NCc1ccc2c(c1)OCO2,5
14762332,CHEMBL436826,O=C(Cc1ccccc1)N(Cc1cccnc1)Cc1nc2ccccc2c(=O)n1-c1ccccc1,4
14762334,CHEMBL2207666,O=C(NCCCN1CCC(Oc2ccccc2)CC1)c1c[nH]c(=O)c2ccccc12,3
14762336,CHEMBL1951918,O=C(Cc1ccccc1)NC1CCN(CCC(c2ccccc2)C2CCNCC2)CC1,5
14762345,CHEMBL578194,c1ccc(CNc2cncc(Nc3cc(C4CC4)[nH]n3)n2)nc1,4
14762346,CHEMBL1091644,c1ccc(-c2ccc3ccc(-c4nc(C5CCC5)n5ccncc45)cc3n2)cc1,2
14762347,CHEMBL1201391,C1=CC2=CCCCC2CC1,3
14762348,CHEMBL1952100,O=C(Cc1ccccc1)NC1CCN(CCC(c2ccccc2)C2CCNCC2)CC1,5
14762352,CHEMBL1513,O=C1N(Cc2ccc(-c3ccccc3-c3nnn[nH]3)cc2)C=NC12CCCC2,5
14762353,CHEMBL2348642,c1cc(Nc2nccc(-c3cncs3)n2)cc(N2CCNCC2)c1,3
14762354,CHEMBL406366,c1ccc(-c2cscn2)cc1,3
14762355,CHEMBL2070950,O=C(NC1CC1)C1CCCCC1C(=O)N1CCN(c2nc3ccncc3s2)CC1,5
14762356,CHEMBL329785,c1ccc2scnc2c1,3
14762357,CHEMBL12610,c1ccc(Cn2ncc3ccccc32)cc1,2
14762361,CHEMBL235789,O=C(NCC12CC3CC(CC(C3)C1)C2)c1cccc(CN2CCNCC2)c1,4
14762362,CHEMBL103355,c1ccc(Nc2ccnc(Nc3ccccc3)n2)cc1,2
14762363,CHEMBL1951898,O=C(Cc1ccccc1)NC1CCN(CCC(c2ccccc2)N2CCNCC2)CC1,1
14762364,CHEMBL211175,O=C(Cc1ccccc1)NC1CCN(CCC(c2ccccc2)c2ccccc2)CC1,1
14762365,CHEMBL201799,c1ncc2scnc2n1,3
14762371,CHEMBL1086310,O=C(Cn1cnc2[nH]c(=O)[nH]c(=O)c21)Nc1ccccc1,1
14762372,CHEMBL2207655,O=C(NCCCN1CCC(Oc2ccccc2)CC1)c1c[nH]c(=O)c2cc(S(=O)(=O)N3CCC3)ccc12,3
14762373,CHEMBL198150,O=C(Cc1ccccc1)NC1CCN(CCC(c2ccccc2)c2ccccc2)CC1,1
14762377,CHEMBL553,c1ccc(Nc2ncnc3ccccc23)cc1,4
14762384,CHEMBL1944693,O=c1[nH]c2cccc(CCNCCc3cccc(CNCCc4ccccc4)c3)c2s1,2
14762385,CHEMBL1944690,O=c1[nH]c2cccc(CCNCCc3cccc(CNCCc4ccccc4)c3)c2s1,2
14762386,CHEMBL1739708,c1ccc(-c2ncs[n+]2-c2ccccc2)cc1,2
14762387,CHEMBL1870384,C(=NN=Cc1ccccc1)c1ccccc1,1
14762388,CHEMBL129982,O=C(NCC12CC3CC(CC(C3)C1)C2)c1ccccc1,3
14762395,CHEMBL2164850,O=C(Nc1cc(-c2ccncc2)c[nH]c1=O)C(Cc1ccccc1)NC1(c2ccccn2)CC1,5
14762396,CHEMBL129198,O=C(c1cc2ccccc2[nH]1)N1CCNCC1,2
14762404,CHEMBL1231533,O=C1NC(=O)C(=Cc2ccc3c(c2)OCO3)S1,3
14762405,CHEMBL1683934,O=C(Nc1ccccc1-c1ccccc1)OC1CCN(CCCCCCCCCNCCc2cccc3[nH]c(=O)ccc23)CC1,4
14762415,CHEMBL1951032,c1cncc(Nc2cc(OC3CCNCC3)ncn2)c1,4
14762416,CHEMBL565755,c1ccc2scnc2c1,3
14762417,CHEMBL376488,c1ccc(C(Cc2cccc3ccccc23)c2cnc3ccccc3c2)cc1,3
14762424,CHEMBL218628,O=C(c1c(Cn2cnc3ccccc32)sc2[nH]c(=O)[nH]c(=O)c12)N1CCCO1,4
14762425,CHEMBL453222,c1ccc(-c2cccs2)cc1,1
14762426,CHEMBL1807869,O=c1[nH]c2cccc(CCNCCCSCCNCCc3ccccc3)c2s1,4
14762427,CHEMBL365123,O=c1ccn(Cc2ccccc2)c(=O)[nH]1,2
14762428,CHEMBL240317,O=C(c1ccccc1)N1CCN(Cc2ccccc2)CC1,5
14762434,CHEMBL2216902,O=S1(=O)CCC(N2CC(Oc3nc4c(N5CCOCC5)nc(-n5cnc6ccccc65)nc4[nH]3)C2)CC1,3
14762435,CHEMBL2177757,O=C(Cc1ccccc1)Nc1nnc(CCSCCc2nnc(NC(=O)Cc3ccccc3)s2)s1,5
14762436,CHEMBL103482,c1ccc2ncccc2c1,1
14762437,CHEMBL1645107,c1cc(-c2ccc3ncsc3c2)ccn1,3
14762438,CHEMBL22442,O=c1cc(OCc2ccccc2)ccn1Cc1ccc(-c2ccccc2-c2nn[nH]n2)cc1,5
14762439,CHEMBL128613,O=C(c1cc2ccccc2[nH]1)N1CCNCC1,2
14762442,CHEMBL141157,O=C(Cn1cccc(NC(=O)c2ccon2)c1=O)NCCC1CCNC1=O,2
14762448,CHEMBL81,O=C(c1ccc(OCCN2CCCCC2)cc1)c1c(-c2ccccc2)sc2ccccc12,1
14762449,CHEMBL1934414,O=S(=O)(Nc1ccnn1C1CCCC1)c1ccccc1,2
14762450,CHEMBL232656,O=C(COc1ccccc1)N1CCN(Cc2ccccc2)CC1,3
14762451,CHEMBL1951902,O=C(Cc1ccccc1)NC1CCN(CCC(c2ccccc2)N2CCCCC2)CC1,3
14762452,CHEMBL404609,c1ccc(-c2cccs2)cc1,1
14762453,CHEMBL2207285,O=C(NCCCN1CCC(Oc2ccccc2)CC1)c1c[nH]c(=O)c2cc(S(=O)(=O)NC3CC3)ccc12,4
14762454,CHEMBL492112,O=C(CC12CC3CC(CC(C3)C1)C2)Nc1ccc2[nH]ncc2c1,4
14762455,CHEMBL108546,c1ccc(CCOCCOCCCNCCc2cccc3ncsc23)cc1,2
14762460,CHEMBL2170985,O=C(NCCCSCC1CCC(n2cnc3cncnc32)O1)NCc1ccccc1,5
14762461,CHEMBL1077827,O=C(Cc1ccccc1)N(Cc1nc2ncccc2c(=O)n1-c1ccccc1)CC1CCNCC1,1
14762462,CHEMBL2170994,O=C(NCCCSCC1CCC(n2cnc3cncnc32)O1)Nc1ccccc1,3
14762463,CHEMBL1950720,O=C(CC1CCCCC1)N1CCC2CCN(CCc3ccccc3)CC21,2
14762464,CHEMBL1405150,c1csc(Cc2ccc3cccnc3c2)c1,1
14762466,CHEMBL2207669,O=C(NCCCN1CCC(Oc2ccccc2)CC1)c1c[nH]c(=O)c2ccccc12,3
14763245,CHEMBL2216870,O=c1c2ccccc2nc(CNc2ncnc3[nH]cnc23)n1-c1ccccc1,1
14763246,CHEMBL57531,c1ccc(-c2cnc3ncncc3c2)cc1,2
14763250,CHEMBL472,O=C(NC1CCCCC1)NS(=O)(=O)c1ccc(CCNC(=O)c2ccccc2)cc1,4
14763251,CHEMBL217899,c1csc(-c2nnc3n2CCc2cnn(C4CCCC4)c2-3)c1,3
14763252,CHEMBL193544,c1ccc(COc2ccc(Nc3ncnc4cccc(OC5CCNCC5)c34)cc2)nc1,5
14763253,CHEMBL1945040,O=c1[nH]c2cccc(CCNCCc3ccc(CNCc4ccccc4)cc3)c2s1,2
14763254,CHEMBL1944692,O=c1[nH]c2cccc(CCNCCc3ccc(CNCCc4ccccc4)cc3)c2s1,2
14763264,CHEMBL38182,O=C(Nc1ccccc1)Nc1cccc2[nH]nnc12,2
14763265,CHEMBL183630,O=C(Nc1cccc(NC(=O)c2cccc(N3CCOCC3)c2)c1)c1ccc(OCc2cscn2)cc1,2
14763266,CHEMBL384962,c1ccc2c(-c3c[nH]c4ccccc34)ccnc2c1,2
14763272,CHEMBL576981,O=C1CC2CC(SC3CN(C4=NCCS4)C3)=CN12,5
14763273,CHEMBL1800526,c1ccc(CCc2nc3cccnc3[nH]2)nc1,5
14763274,CHEMBL370826,O=C(Cc1ccccc1)NC1CCN(CCC(c2ccccc2)c2ccccc2)CC1,1
14763275,CHEMBL563,c1ccc(-c2ccccc2)cc1,4
14763276,CHEMBL1916272,O=S(=O)(Nc1ccnn1-c1ccccc1)c1ccccc1,2
14763285,CHEMBL522460,O=c1[nH]c2ccccc2n1C1CCN(C2CCN(Cc3ccccc3)CC2)CC1,2
14763286,CHEMBL2018953,O=C(C1CCCCN1)N1CCN(c2nc(NCc3ccccc3)c3cccnc3n2)CC1,4
14763288,CHEMBL559078,O=c1cnn(-c2ccccc2)c(=O)[nH]1,2
14763289,CHEMBL551765,O=C(NCC1CCCCCC1)c1cccc(-c2cccnc2N2CCCCC2)c1,2
14763295,CHEMBL2107366,S=c1[nH]cc(Cc2ccccc2)[nH]1,3
14763296,CHEMBL16073,c1ccccc1,5
14763297,CHEMBL1956163,O=C(Nc1cccc2cccnc12)C1CCC(N2C(=O)C3C4CCC(C4)C3C2=O)CC1,2
14763298,CHEMBL2023489,O=C(Cc1ccc(Oc2ccnc3ccccc23)cc1)Nc1cn[nH]c1,5
14763300,CHEMBL1945033,O=c1[nH]c2cccc(CCNCCc3cccc(CNCCc4ccccn4)c3)c2s1,2
14763301,CHEMBL1944694,O=c1[nH]c2cccc(CCNCCc3ccc(CNCCc4ccccc4)cc3)c2s1,2
14763302,CHEMBL1934418,O=S(=O)(Nc1ccnn1C1CCSCC1)c1ccccc1,4
14763303,CHEMBL111775,O=C(CCOCCc1ccccc1)NCCNCCc1cccc2ncsc12,5
14763304,CHEMBL555033,O=C(CC1CCCCC1)Nc1cccc2ncccc12,5
14763310,CHEMBL837,O=C1Cc2cc3n(c(=O)c2CO1)Cc1cc2ccccc2nc1-3,2
14763311,CHEMBL583042,O=C(NCc1ccccc1)c1cc(-c2ccnc(Nc3ccccc3)n2)c[nH]1,5
14763322,CHEMBL521096,c1ccc(Nc2ccnc3ccc(N4CCNCC4)cc23)cc1,3
14763323,CHEMBL1221681,O=c1[nH]c2cccc(CCNC3CCCC3OCc3ccccc3)c2s1,4
14763324,CHEMBL1789274,c1ccc(COc2ccccc2)cc1,4
14763325,CHEMBL182878,O=C(Cc1ccccc1)NC1CCN(CCC(c2ccccc2)c2ccccc2)CC1,1
14763330,CHEMBL1835918,c1cnnc(N2CC(COc3ccc(-c4ncon4)cc3)C2)c1,4
14763331,CHEMBL1951893,O=C(Cc1ccccc1)NC1CCN(CCC(c2ccccc2)N2CCN(c3ccccc3)CC2)CC1,5
14763344,CHEMBL1916279,O=S(=O)(Nc1ccnn1-c1ccccc1)c1ccccc1,2
14763345,CHEMBL1831214,c1ccc(-c2cccs2)cc1,1
14763346,CHEMBL208487,O=C(c1c(Cc2ccccc2)sc2[nH]c(=O)[nH]c(=O)c12)N1CCCC1,4
14763347,CHEMBL1916270,O=S(=O)(Nc1ccnn1-c1ccccc1)c1ccc(-c2cnco2)cc1,3
14763348,CHEMBL550167,O=C(NCC12CC3CC(CC(C3)C1)C2)c1ccccc1,3
14763349,CHEMBL1947153,O=c1[nH]c2cccc(CCNCCc3cccc(CN4CCC(c5ccccc5)CC4)c3)c2s1,5
14763350,CHEMBL633,O=C(c1ccccc1)c1coc2ccccc12,2
14763352,CHEMBL1951908,O=C(Cc1ccccc1)NC1CCN(CCC(c2ccccc2)C2CCNCC2)CC1,5
14763353,CHEMBL1945035,O=c1[nH]c2cccc(CCNCCc3ccccc3CNCCc3ccccc3)c2s1,1
14763358,CHEMBL1734492,c1ccc(CNc2ccc3c(c2)CCC3)cc1,1
14763359,CHEMBL481230,c1ccc(Nc2ccnc3ccccc23)cc1,3
14763360,CHEMBL2312185,c1cc(Nc2nccc(-c3cncs3)n2)cc(N2CCCNCC2)c1,4
14763361,CHEMBL213100,O=C(Oc1ccccc1)N(c1ccccc1)c1ccnc(Nc2ccc(N3CCNCC3)cc2)n1,5
14763366,CHEMBL393384,O=C(NCC12CC3CC(CC(C3)C1)C2)c1cccc(OC2CCNCC2)c1,3
14763367,CHEMBL421604,O=S(=O)(CCCOCCc1ccccc1)CCNCCc1cccc2ncsc12,1
14763368,CHEMBL2171026,O=C(c1ccc(-c2nn[nH]n2)cc1)N1CCC(N2CCC(Oc3ccccc3)CC2)CC1,4
14763369,CHEMBL1405928,c1ccc(CSc2nc3cccnc3[nH]2)cc1,3
14763370,CHEMBL189181,c1ccc(CNc2[nH]nc3cccc(Oc4ccccc4)c23)cc1,5
14763376,CHEMBL153064,O=c1ccc2ccccc2o1,3
14763377,CHEMBL212521,c1ccc(-c2ccccc2)cc1,4
14763386,CHEMBL1082152,O=C1NC(=O)C(c2c[nH]c3ccccc23)=C1c1ccccc1,4
14763387,CHEMBL320714,c1ccc(CCOCCCCCCNCCc2cccc3ncsc23)cc1,1
14763394,CHEMBL457,c1ccccc1,5
14763395,CHEMBL1096435,O=C(Nc1nccs1)C(CC1CCCC1)c1ccccc1,1
14763397,CHEMBL219861,O=C(c1c(Cc2ccnc3ccccc23)sc2[nH]c(=O)[nH]c(=O)c12)N1CCCO1,2
14763398,CHEMBL787,C(=Cc1ccc2ccccc2n1)c1cccc(C(CCc2ccccc2)SCC2CC2)c1,3
14763399,CHEMBL551984,O=C(CNc1ccccc1)Nc1cccc2nc(N3CCCC3)ccc12,3
14763400,CHEMBL1927707,O=C(CCc1ccccc1)Nc1ccccc1,5
14763402,CHEMBL1371,O=c1[nH]c2ccccc2o1,1
14763407,CHEMBL2062774,c1cnnc(N2CCC(CCOc3ccc4cnoc4c3)CC2)c1,3
14763408,CHEMBL258282,c1ccc(COc2ccc(Nc3ncnc4[nH]nc(OCCN5CCNCC5)c34)cc2)nc1,4
14763409,CHEMBL184721,O=C(Nc1cccc(NC(=O)c2cccc(N3CCOCC3)c2)c1)c1ccc(OCc2ccccn2)cc1,4
14763410,CHEMBL95,c1ccc2nc3c(cc2c1)CCCC3,3
14763411,CHEMBL1951906,O=C(Cc1ccccc1)NC1CCN(CCC(c2ccccc2)C2CCNCC2)CC1,5
14763412,CHEMBL1384203,c1ccc(CCNCC23CC4CC(CC(C4)C2)C3)cc1,1
14763419,CHEMBL267144,O=C1CNc2ccccc2CCN1,4
14763420,CHEMBL91428,c1ccc2cc(Nc3ncnc4ccccc34)ncc2c1,1
14763424,CHEMBL1916281,O=S(=O)(Nc1ccnn1-c1ccccc1)c1ccccc1,2
14763425,CHEMBL1770469,O=C(NCc1nc2ccccc2[nH]1)c1cnccn1,2
14763426,CHEMBL444884,c1ccc(-c2cccs2)cc1,1
14763427,CHEMBL380947,c1ccc(CSc2ncc3scnc3n2)cc1,4
14763430,CHEMBL33899,C(=C(c1ccccc1)c1ccccc1)c1ccccc1,5
14763432,CHEMBL1917434,c1ccc(Sc2c[nH]c3ccccc23)cc1,1
14763437,CHEMBL1302675,O=C(CSc1nnc(-c2ccccc2)[nH]1)Nc1ccon1,2
14763438,CHEMBL1962788,O=c1c2c3n(c(=O)cc2[nH]n1-c1ccccc1)CCCN(Cc1ccccc1)C3,4
14763441,CHEMBL1683035,c1ccc(Nc2cnnc3ccc(N4CCNCC4)cc23)cc1,3
14763442,CHEMBL1934415,O=S(=O)(Nc1ccnn1C1CCCCC1)c1ccccc1,5
14763443,CHEMBL2171041,O=C(NS(=O)(=O)c1ccccc1)N1CCC(N2CCC(Oc3ccccc3)CC2)CC1,5
14763444,CHEMBL205526,O=c1[nH]c(=O)c2cc(Cc3cccc4ccccc34)sc2[nH]1,5
14763445,CHEMBL564366,O=C(CC12CC3CC(CC(C3)C1)C2)Nc1cccc2ncccc12,3
14763446,CHEMBL1807818,O=c1[nH]c2cccc(CCNCCCSCCOCCc3ccccc3)c2s1,4
14763447,CHEMBL557697,O=C(NCC12CC3CC(CC(C3)C1)C2)c1cccc2nc(-c3ccccc3)ccc12,3
14763449,CHEMBL1605684,O=c1ccn(Cc2ccccc2)c(=O)n1Cc1ccccc1,2
14763450,CHEMBL1164184,O=C(Nc1nccs1)C(CC1CCOCC1)c1ccc(S(=O)(=O)C2CC2)cc1,2
14763454,CHEMBL2338020,c1c[nH+]c2cc(Sc3nc(N4CC5CC5C4)c4cc[nH]c4n3)cnc2c1,2
14763455,CHEMBL1091137,C(=C(c1ccccc1)c1ccccc1)c1ccccc1,5
14763457,CHEMBL1921944,O=C(C[N+]12CCC(CC1)C(OC(=O)C(c1ccccc1)N1CCCCC1)C2)Nc1ccccc1,1
14763458,CHEMBL1221660,c1ccc(NC2CCNCC2)nc1,4
14763462,CHEMBL1483,c1ccc2[nH]cnc2c1,2
14763463,CHEMBL569738,c1ccc(CNc2cncc(Nc3cc[nH]n3)n2)nc1,3
14763464,CHEMBL1094250,O=C(NCCc1ccccc1)c1cccc2cc(-c3ccc4c(C(=O)NCCc5ccccc5)cccc4c3)ccc12,5
14763466,CHEMBL1963462,O=C(OC1CC[NH2+]CC1)C(c1ccccc1)C1CCCC1,1
14763467,CHEMBL323776,O=C(CCOCCc1ccccc1)NCCNCCc1cccc2ncsc12,5
14763468,CHEMBL1945044,O=c1[nH]c2cccc(CCNCCc3cccc(CNCc4ccccc4)c3)c2s1,4
14763469,CHEMBL110999,c1ccc(CCOCCOCCCNCCc2cccc3ncsc23)cc1,2
14763470,CHEMBL1916261,O=S(=O)(Nc1cnnn1-c1ccccc1)c1ccccc1,2
14763471,CHEMBL1800472,O=C(CCOCCc1ccccc1)NCCNCCc1cccc2[nH]c(=O)sc12,3
14763472,CHEMBL1807871,O=c1[nH]c2cccc(CCNCCCSCCNCCc3ccccc3)c2s1,4
14763473,CHEMBL414017,c1ccc(CNc2ccc3ncncc3c2)cc1,1
14763474,CHEMBL1807822,O=c1[nH]c2cccc(CCNCCCOCCOCCc3cccc4ccccc34)c2s1,5
14763475,CHEMBL833,c1ccc(CN2CCc3sccc3C2)cc1,5
14763476,CHEMBL1631889,C(#Cc1n[nH]c2ccccc12)c1ccccc1,5
14763484,CHEMBL2216859,c1cc(-c2cc(-c3ncc(CN4CCNCC4)o3)c3cn[nH]c3c2)c2cc[nH]c2c1,2
14763486,CHEMBL111402,c1ccc2c(CCOCCSCCCNCCc3cccc4ncsc34)cccc2c1,3
14763487,CHEMBL186995,O=C(NCc1ccccc1)c1cccnc1Oc1ccccc1,1
14763488,CHEMBL1917436,c1ccc(Sc2c[nH]c3ccccc23)cc1,1
14763489,CHEMBL369274,c1ccccc1,5
14763495,CHEMBL554,c1ccc(COc2ccc(Nc3ncnc4ccc(-c5ccco5)cc34)cc2)cc1,5
14763498,CHEMBL1770297,O=C(NCc1nc2ccccc2[nH]1)c1cc2ccccc2o1,5
14763499,CHEMBL1922048,O=C(C[N+]12CCC(CC1)C(OC(=O)C(c1ccccc1)N1CCCCC1)C2)Nc1ccncn1,1
14763500,CHEMBL1934270,O=S(=O)(Nc1ccn[nH]1)c1ccccc1,4
14763501,CHEMBL71,c1ccc2c(c1)Nc1ccccc1S2,4
14763502,CHEMBL1299757,c1ccc(Cc2cnc(-c3ccccn3)nc2)cc1,4
14764280,CHEMBL1921926,O=C(OC1C[N+]2(CCCc3ccc4ncsc4c3)CCC1CC2)C(c1ccccc1)N1CCCCC1,5
14764281,CHEMBL2169920,O=C1COc2c(CCNCCN(C(=O)CCNCCc3ccccc3)C3CCCCC3)cccc2N1,3
14764282,CHEMBL1916274,O=C(NC1CCCCC1)c1cnn(-c2ccccc2)c1NS(=O)(=O)c1ccccc1,2
14764283,CHEMBL550438,O=C(CC1CCCCC1)Nc1cccc2ncccc12,5
14764289,CHEMBL46740,c1ccc(-c2cc3ccccc3n2Cc2ccc(OCCN3CCCCCC3)cc2)cc1,1
14764294,CHEMBL132227,c1ccccc1,5
14764295,CHEMBL1222381,O=C(NC1CC1)c1cc(-c2cccs2)on1,1
14764298,CHEMBL205742,O=C(c1c(Cc2ccnc3ccccc23)sc2[nH]c(=O)[nH]c(=O)c12)N1CCCC1,1
14764299,CHEMBL1088913,c1cnc2c(c1)CCCC2NCc1nc2ccccc2[nH]1,5
14764304,CHEMBL2046990,c1ccc(-c2ccccc2)cc1,4
14764305,CHEMBL1916282,O=S(=O)(Nc1ccnn1-c1ccccc1)c1ccccc1,2
14764308,CHEMBL564607,O=C(NCC12CC3CC(CC(C3)C1)C2)c1cccc(-c2ccccc2)c1,3
14764309,CHEMBL257178,c1ccc(-c2cc3ccccc3[nH]2)cc1,1
14764310,CHEMBL2326624,O=C(NCc1cccc(Cn2nc(NS(=O)(=O)c3cccs3)c3ccccc32)c1)C1COCCN1,4
14764315,CHEMBL1359777,O=C(Cn1ccccc1=O)c1ccn(Cc2ccccc2)c1,4
14764317,CHEMBL387125,O=c1[nH]c(=O)c2cc(Cn3ccnc3)sc2[nH]1,3
14764318,CHEMBL1924032,O=C(OC1CC[NH2+]CC1)C(c1ccccc1)N1CCCCC1,4
14764319,CHEMBL1080786,O=C(CCc1cccs1)NC1CC1c1ccccc1,4
14764320,CHEMBL550777,O=C(NCC12CC3CC(CC(C3)C1)C2)c1ccnc(N2CCCCC2)c1,5
14764321,CHEMBL2023704,c1ccc(-c2ccncn2)cc1,5
14764325,CHEMBL723,c1ccc(OCCNCCCOc2cccc3[nH]c4ccccc4c23)cc1,4
14764326,CHEMBL1209914,c1ccc(C2=NNC(c3ccccc3)C2)cc1,2
14764329,CHEMBL1963231,O=C(OC1CC[NH2+]C1)C(c1ccccc1)C1CCCC1,3
14764330,CHEMBL551360,O=C(CC12CC3CC(CC(C3)C1)C2)Nc1cccc2c(=O)[nH]ccc12,5
14764331,CHEMBL178737,O=C1NC(=O)C(c2cnc3ccccn23)=C1c1cn2c3c(cccc13)CN(C(=O)N1CCOCC1)CC2,2
14764332,CHEMBL1916283,O=S(=O)(Nc1ccnn1-c1ccccc1)c1ccccc1,2
14764333,CHEMBL395340,c1ccc(CSc2ncc3scnc3n2)cc1,4
14764342,CHEMBL2335881,c1ccc(Nc2ncc3cc(-c4ccncc4)ccc3n2)cc1,4
14764343,CHEMBL406852,c1ncc2ncn(C3CCCO3)c2n1,1
14764347,CHEMBL1934271,O=S(=O)(Nc1ccn[nH]1)c1ccccc1,4
14764348,CHEMBL1770298,O=C(NC(C(=O)Nc1ccccc1)c1cccs1)c1ccccc1,5
14764351,CHEMBL190747,O=C(NCc1ccccc1)c1cccnc1Oc1ccccc1,1
14764354,CHEMBL23,O=C1CC(c2ccccc2)Sc2ccccc2N1,1
14764355,CHEMBL1094168,O=C(Nc1nccs1)C(CC1CCCC1)c1ccccc1,1
14764357,CHEMBL2018964,O=S(=O)(Nc1nn(Cc2ccccc2)c2ccccc12)c1cccs1,2
14764358,CHEMBL1945290,O=c1[nH]c2cccc(CCNCCc3cccc(CNCc4ccccc4)c3)c2s1,4
14764362,CHEMBL223713,c1ccc2c(c1)NCc1cc3c(cc1-2)OCO3,2
14764363,CHEMBL1921917,O=C(OC1C[N+]2(CCCc3ccncc3)CCC1CC2)C(c1ccccc1)N1CCCCC1,3
14764364,CHEMBL1831078,c1csc(-c2ccsc2)c1,1
14764365,CHEMBL1945291,O=c1[nH]c2cccc(CCNCCc3cccc(CNCc4ccccc4)c3)c2s1,4
14764366,CHEMBL1927039,c1ccc(Nc2nccc(NC3CC3)n2)cc1,1
14764371,CHEMBL841,c1ccc(C2CCN(CCC(c3ccccc3)c3ccccc3)CC2)cc1,3
14764375,CHEMBL518924,c1cnc2c(c1)CCCC2NCc1nc2ccccc2[nH]1,5
14764376,CHEMBL430381,c1ccc(CSc2ncc3sc(NC4CC4)nc3n2)cc1,3
14764380,CHEMBL2069623,c1ccc(OCc2nn(C3CCOCC3)c3ncncc23)cc1,1
14764381,CHEMBL1412343,O=C(CCS(=O)(=O)c1cccs1)Nc1ccccc1,4
14764383,CHEMBL1945041,O=c1[nH]c2cccc(CCNCCc3cccc(CNCc4ccccc4)c3)c2s1,4
14764385,CHEMBL2207654,O=C(NCCCN1CCC(Oc2ccccc2)CC1)c1c[nH]c(=O)c2cc(S(=O)(=O)N3CCC3)ccc12,3
14764386,CHEMBL513370,O=C(c1ccoc1)N(Cc1ccccc1)c1ccccc1,1
14764388,CHEMBL322479,c1ccc(CCOCCCCCCNCCc2cccc3ncsc23)cc1,1
14764390,CHEMBL2137199,c1ccc(-c2ccc(CN3CCN(Cc4ccncc4)CC3)cc2)cc1,2
14764391,CHEMBL408,O=C1NC(=O)C(Cc2ccc(OCC3CCc4ccccc4O3)cc2)S1,5
14764392,CHEMBL217943,O=C(NCc1ccccc1)c1ccc2cccnc2c1,3
14764393,CHEMBL1082812,O=c1cc(-c2ccccc2)nc(SCCc2ccccc2)[nH]1,2
14764395,CHEMBL2018969,O=S(=O)(Nc1nn(Cc2ccccc2)c2ccccc12)c1cccs1,2
14764396,CHEMBL479,c1ccc2c(c1)Sc1ccccc1N2CCC1CCCCN1,3
14764403,CHEMBL100979,c1ccn2c(-c3ccncn3)cnc2c1,2
14764404,CHEMBL2361207,O=C(Nc1ccccc1)N1CCCCN2CC(c3ccc(C#Cc4ccccc4)cc3)C2C1,2
14764405,CHEMBL2171017,O=C(NCCN1CCN(Cc2ccccc2)CC1)c1ccccc1,5
14764409,CHEMBL464081,O=C1CC2CCC1(CS(=O)(=O)N1CCN(c3ccccn3)CC1)C2,4
14764414,CHEMBL2331843,c1c[nH+]c2cc(Sc3nc(N4CCCC4)c4cc[nH]c4n3)cnc2c1,5
14764415,CHEMBL1610669,c1ccccc1,5
14764416,CHEMBL2152252,O=S(=O)(Nc1ccccc1)c1cccc(-c2cnccn2)c1,2
14764426,CHEMBL2349318,O=c1[nH]c2nc(SCc3ccccc3)ncc2s1,1
14764429,CHEMBL1922056,O=C(OC1C[N+]2(Cc3nc(-c4ccccc4)no3)CCC1CC2)C(c1ccccc1)N1CCCCC1,1
14764430,CHEMBL1916275,O=C(NC1CCCCC1)c1cnn(-c2ccccc2)c1NS(=O)(=O)c1ccccc1,2
14764435,CHEMBL1164165,O=c1[nH]c(-c2ccccc2)nc2ccccc12,3
14764437,CHEMBL361431,O=C(Nc1cccc(Nc2ccnc(OC3CCNCC3)n2)c1)c1cccc(N2CCOCC2)c1,1
14764438,CHEMBL1916082,O=S(=O)(Nc1ccnn1-c1ccccc1)c1ccccc1,2
14764446,CHEMBL2178393,O=C(Cc1ccccc1)Nc1nnc(CCSCCc2nncs2)s1,1
14764447,CHEMBL1940652,O=C(c1ccc(-c2ccccc2)o1)N(Cc1ccccc1-c1cccnc1)c1ccc(N2CCNCC2)cc1,5
14764451,CHEMBL259850,O=C(NCc1ccccc1)Nc1nccs1,1
14764452,CHEMBL1924046,O=C(OC1C[NH+]2CCC1CC2)C(c1ccccc1)N1CCCCC1,1
14764453,CHEMBL1945299,O=c1[nH]c2cccc(CCNCCc3cccc(CCNCc4ccccc4)c3)c2s1,3
14764454,CHEMBL110861,c1ccc(CCOCCCOCCNCCc2cccc3ncsc23)cc1,2
14764458,CHEMBL2147032,O=C1COC2(CCN(S(=O)(=O)c3ccc(-c4ccc5cccnc5c4)cc3)CC2)CN1C1CC1,1
14764459,CHEMBL379787,O=C(Nc1nc2ccccc2n1CCN1CCOCC1)c1ccccc1,4
14764464,CHEMBL1532611,c1ccc(CCOc2ccccc2)cc1,5
14764466,CHEMBL1263,c1ccc(CCCCOCCCCCCNCCc2ccccc2)cc1,2
14764467,CHEMBL1916277,O=C(NC1CCCCC1)c1cnn(-c2ccccc2)c1NS(=O)(=O)c1ccccc1,2
14764469,CHEMBL2326623,O=C(NCc1cccc(Cn2nc(NS(=O)(=O)c3cccs3)c3ccccc32)c1)C1COCCN1,4
14764472,CHEMBL20921,O=C(CSc1nc2ccccc2s1)NC1CCN(Cc2ccccc2)CC1,5
14764473,CHEMBL1916276,O=C(NC1CCCCC1)c1cnn(-c2ccccc2)c1NS(=O)(=O)c1ccccc1,2
14764474,CHEMBL1916267,O=S(=O)(Nc1ccnn1Cc1ccccc1)c1ccccc1,2
14764479,CHEMBL1800658,O=C(CCOCCc1ccccc1)NCCNCCc1cccc2[nH]c(=O)sc12,3
14764480,CHEMBL1916084,O=C(NC1CCCCC1)c1cnn(-c2ccccc2)c1NS(=O)(=O)c1ccccc1,2
14764483,CHEMBL1645392,O=S(=O)(NCc1ccc(-c2cnoc2)cc1)c1cnoc1,1
14764484,CHEMBL1381233,O=C(Nc1ccncc1)c1cccc2ccccc12,4
14764485,CHEMBL1423878,c1ccc(-c2cn(-c3ccccc3)c3ncncc23)cc1,1
14764488,CHEMBL1644331,c1ccc(Sc2ccc3ccccc3n2)cc1,3
14764492,CHEMBL105462,O=C(CCc1c[nH]cn1)NC(Cc1c[nH]c2ccccc12)C(=O)NCC(=O)NC(Cc1c[nH]c2ccccc12)C(=O)NCCc1ccccc1,3
14764493,CHEMBL1921942,O=C(C[N+]12CCC(CC1)C(OC(=O)C(c1ccccc1)N1CCCCC1)C2)Nc1ccccc1,1
14764494,CHEMBL380732,c1ccc(CSc2ncc3scnc3n2)cc1,4
14764495,CHEMBL1945289,O=c1[nH]c2cccc(CCNCCc3cccc(CNCc4ccccc4)c3)c2s1,4
14764496,CHEMBL1770471,O=C(NCc1nc2ccccc2[nH]1)c1cccs1,4
14764497,CHEMBL1947157,O=c1[nH]c2cccc(CCNCCc3cccc(CNCCc4ccccc4)c3)c2s1,2
14764500,CHEMBL2347404,c1ccc(COc2ccc(Nc3ncnc4ccc(-c5cccc(N6CCOCC6)c5)cc34)cc2)cc1,3
14764505,CHEMBL210730,O=C(Nc1nc2ccccc2[nH]1)c1ccccc1,2
14764506,CHEMBL272551,O=S(=O)(c1ccccc1)N1CCN(Cc2ccccc2)CC1,3
14764513,CHEMBL1783119,O=C(NCc1cn(-c2ccnc3ccccc23)nn1)c1ccccc1,2
14764519,CHEMBL1921946,O=C(C[N+]12CCC(CC1)C(OC(=O)C(c1ccccc1)N1CCCCC1)C2)Nc1ccccn1,1
14764520,CHEMBL1921936,O=C(OC1C[N+]2(CCCOc3ccccc3)CCC1CC2)C(c1ccccc1)N1CCCCC1,1
14764521,CHEMBL296419,c1ccc(CCN2CCC(Nc3nc4ccccc4n3Cc3ccccc3)CC2)cc1,3
14764522,CHEMBL396043,c1ccc(CSc2ncc3sc(NC4CC4)nc3n2)cc1,3
14764523,CHEMBL550902,O=C(NCC12CC3CC(CC(C3)C1)C2)c1cccc(-c2cccnc2)c1,1
14764524,CHEMBL1921913,O=C(OC1C[N+]2(CCc3c[nH]c4ccccc34)CCC1CC2)C(c1ccccc1)N1CCCCC1,1
14764525,CHEMBL197714,O=C(Cc1ccccc1)NC1CCN(CCC(c2ccccc2)c2ccccc2)CC1,1
14764529,CHEMBL343199,c1ccc(C2=Nc3cnccc3NCC2)cc1,1
14764530,CHEMBL143305,c1cc(CCCOc2ccc(C3=NCCO3)cc2)on1,5
14764531,CHEMBL1299863,O=C(CSc1ncccn1)Nc1nc(-c2ccccc2)cs1,4
14764532,CHEMBL139,c1ccc(Nc2ccccc2)cc1,3
14764536,CHEMBL2181753,O=C(NCc1ccccc1)NCc1ccccc1-c1ccccc1,1
14764537,CHEMBL1489611,O=C(CSc1nnc(-c2ccccc2)o1)N1CCN(C(=O)c2ccco2)CC1,3
14764538,CHEMBL564885,O=C(NCC12CC3CC(CC(C3)C1)C2)c1ccnc(NCC2CCNCC2)c1,5
14765312,CHEMBL1807824,O=c1[nH]c2cccc(CCNCCSCCCNCCc3ccccc3)c2s1,3
14765314,CHEMBL336619,O=C(NCC12CC3CC(CC(C3)C1)C2)c1ccccc1,3
14765322,CHEMBL1807820,O=c1[nH]c2cccc(CCNCCCSCCOCCc3cccc4ccccc34)c2s1,5
14765326,CHEMBL1596896,O=C(Nc1ccccc1)Nc1cccc2ccccc12,4
14765327,CHEMBL1351332,O=C(NCc1ccccc1)c1cc(-c2ccco2)on1,4
14765328,CHEMBL1573309,c1ccc2c(c1)[nH]c1ccncc12,4
14765329,CHEMBL550637,O=C(CC12CC3CC(CC(C3)C1)C2)Nc1cccc(C(=O)N2CC3CNCC(C2)O3)c1,4
14765331,CHEMBL1921925,O=C(OC1C[N+]2(CCCc3cc4ccccc4s3)CCC1CC2)C(c1ccccc1)N1CCCCC1,2
14765332,CHEMBL1213118,c1ccc2nc(N3CCNCC3)c(Cn3nc(-c4ccc5ncsc5c4)c4cncnc43)cc2c1,3
14765333,CHEMBL1916264,O=S(=O)(Nc1ccnn1-c1ccccc1)c1ccccc1,2
14765341,CHEMBL562698,O=C(NCC12CC3CC(CC(C3)C1)C2)c1ccnc(N2CCNCC2)c1,2
14765343,CHEMBL1868126,O=C(Nc1nc2ccccc2s1)c1ccccc1,2
14765344,CHEMBL407960,c1ccc(CNc2n[nH]c3ccnc(Oc4ccccc4)c23)cc1,2
14765352,CHEMBL185658,c1ccc(CNc2[nH]nc3cccc(Oc4ccccc4)c23)cc1,5
14765353,CHEMBL1807825,O=c1[nH]c2cccc(CCNCCSCCCNCCc3ccccc3)c2s1,3
14765354,CHEMBL1807817,O=c1[nH]c2cccc(CCNCCSCCCOCCc3ccccc3)c2s1,5
14765355,CHEMBL480601,O=C1CC2CCC1(CS(=O)(=O)NC1CCN(c3ccccn3)CC1)C2,1
14765358,CHEMBL2335890,c1ccc(Nc2ncc3cc(-c4ccncc4)ccc3n2)cc1,4
14765361,CHEMBL469727,O=C(c1ccco1)N(Cc1ccccc1)c1ccccc1,1
14765365,CHEMBL1458025,O=C(CSc1ncnc2sccc12)N1CCN(C(=O)c2ccco2)CC1,5
14765367,CHEMBL1921923,O=C(OC1C[N+]2(CCCc3cncnc3)CCC1CC2)C(c1ccccc1)N1CCCCC1,4
14765368,CHEMBL1276308,O=C1C=C2CCC3C(=C2CC1)C(c1ccccc1)CC1CCCC13,1
14765370,CHEMBL1308362,O=C(CSc1nnc2ccc3ccccc3n12)N1CCN(C(=O)c2ccco2)CC1,4
14765371,CHEMBL134074,O=C1Nc2ccccc2C2(CCN(CCc3coc(-c4ccccc4)n3)CC2)O1,5
14765372,CHEMBL549620,O=C(CC12CC3CC(CC(C3)C1)C2)Nc1cccc2nc(CN3CCNCC3)ccc12,1
14765377,CHEMBL1921919,O=C(OC1C[N+]2(CCCc3ccncc3)CCC1CC2)C(c1ccccc1)N1CCCCC1,3
14765379,CHEMBL1800656,O=C(CCOCCc1ccccc1)NCCNCCc1cccc2[nH]c(=O)sc12,3
14765380,CHEMBL267744,O=C(c1ccccc1)c1cccs1,1
14765381,CHEMBL187857,O=C(Nc1cccc(Nc2ccncn2)c1)c1cccc(N2CCOCC2)c1,2
14765385,CHEMBL1465276,O=C(C1CCN(c2nnc(-n3cccc3)s2)CC1)N1CCc2ccccc2C1,2
14765386,CHEMBL551170,O=C(NCC12CC3CC(CC(C3)C1)C2)c1cccc(-n2ncc(=O)[nH]c2=O)c1,1
14765391,CHEMBL1924047,O=C(OC1C[N+]2(CCc3ccccc3)CCC1CC2)C(c1ccccc1)N1CCCCC1,4
14765392,CHEMBL475534,C1=CC(c2ccccc2)C=CN1,2
14765394,CHEMBL511444,O=C(NC1CCC2CCNC21)c1cccc2ccccc12,4
14765395,CHEMBL51478,c1ccc(CSc2nc3ccccc3[nH]2)nc1,5
14765396,CHEMBL2207286,O=C(NCCCN1CCC(Oc2ccccc2)CC1)c1c[nH]c(=O)c2ccccc12,3
14765404,CHEMBL2021706,O=C(NCC[NH2+]CCCc1ccccc1)c1cnccn1,5
14765405,CHEMBL2216830,O=C1N(c2ccccc2)Cc2cncnc2N1Cc1ccccc1,3
14765407,CHEMBL1924049,O=C(OC1C[N+]2(CCc3ccccc3)CCC1CC2)C(c1ccccc1)N1CCCCC1,4
14765408,CHEMBL275224,c1ccc2c(c1)[nH]c1cnccc12,4
14765413,CHEMBL2346975,c1cc(C2CCN(c3ccc4nncn4n3)CC2)ccc1OCCN1CCNCC1,2
14765424,CHEMBL360227,O=C1Nc2ccccc2C1c1ccccc1,3
14765425,CHEMBL1916085,O=C(NC1CCCCC1)c1cnn(-c2ccccc2)c1NS(=O)(=O)c1ccccc1,2
14765426,CHEMBL1536083,O=S(=O)(Nc1ccccc1)c1ccccc1,1
14765430,CHEMBL17157,c1ccc(CCCCN2CCC(C(c3ccccc3)c3ccccc3)CC2)cc1,1
14765431,CHEMBL2348645,c1cc(Nc2nccc(-c3cncs3)n2)cc(N2CCCCC2)c1,2
14765432,CHEMBL1818218,O=C(NCc1ccccc1)c1cnc(N2CCN(CC3CCCOC3)CC2)nc1,4
14765433,CHEMBL412142,c1ccc(-c2nc(NCCNc3ccccn3)ncc2-c2ncc[nH]2)cc1,4
14765435,CHEMBL2181927,C1=CC(c2ccccc2)c2cnccc2N1,3
14765436,CHEMBL1608462,O=C(NCc1cccnc1)c1cc(C2CC2)nc2[nH]ncc12,1
14765440,CHEMBL1240967,O=C(Cc1cccc(CCNCCc2ccccc2)c1)NCc1cccc(-c2ccccc2)c1,2
14765441,CHEMBL1425658,c1csc(Cn2nnnc2CN2CCN(c3nc4ccccc4s3)CC2)c1,5
14765444,CHEMBL1921931,O=C(OC1C[N+]2(CCOc3ccccc3)CCC1CC2)C(c1ccccc1)N1CCCCC1,3
14765446,CHEMBL1081917,O=C(CN(Cc1ccccc1)C1CCCCC1)Nc1ccccc1,4
14765447,CHEMBL1921939,O=C(OC1C[N+]2(CCOCCc3ccccc3)CCC1CC2)C(c1ccccc1)N1CCCCC1,4
14765451,CHEMBL188705,c1ccc(CNc2[nH]nc3cccc(Oc4ccccc4)c23)cc1,5
14765452,CHEMBL480208,O=C1CC2CCC1(CS(=O)(=O)N1CCN(c3ccccn3)CC1)C2,4
14765454,CHEMBL1534781,c1ccc(Nc2ccnc(-c3ccccn3)n2)cc1,1
14765455,CHEMBL511782,O=C(c1ccccc1)N(Cc1ccccc1)c1ccccc1,1
14765456,CHEMBL1947155,O=c1[nH]c2cccc(CCNCCc3ccc(-c4ccccc4CNCc4ccccc4)cc3)c2s1,5
14765460,CHEMBL2147569,C1=C2CCC(CCc3ccccc3)C2Cc2cnn(-c3ccccc3)c21,1
14765461,CHEMBL20210,O=C(CNC(=O)c1ccon1)CC(Cc1ccccc1)C(=O)NCCC1CCNC1=O,1
14765462,CHEMBL335744,c1ccc(-c2cc3ccccc3cn2)nc1,4
14765463,CHEMBL1322390,O=C(CCc1ccccc1)Nc1nc2ccccc2s1,2
14765465,CHEMBL1163492,O=C(NCc1ccccc1)NC1CCN(CCC(c2ccccc2)c2ccccc2)CC1,2
14765468,CHEMBL205807,O=C(c1c(Cc2c[nH]c3ccccc23)sc2[nH]c(=O)[nH]c(=O)c12)N1CCCC1,1
14765473,CHEMBL2216839,c1cc(-c2cc(-c3nnc(CN4CCOCC4)o3)c3cn[nH]c3c2)c2cc[nH]c2c1,2
14765481,CHEMBL82663,O=c1[nH]c2cccc(CCNCCS(=O)(=O)CCCOCCc3ccccc3)c2s1,3
14765482,CHEMBL182682,O=C(Cc1ccccc1)NC1CCN(CCC(c2ccccc2)c2ccccc2)CC1,1
14765483,CHEMBL2348176,c1ccc2c(c1)ccn2-c1ccncn1,3
14765485,CHEMBL2171169,O=C(NCCCNCC1CCC(n2cnc3cncnc32)O1)Nc1ccccc1,4
14765486,CHEMBL210887,O=C(Nc1nc2ccccc2[nH]1)c1ccccc1,2
14765487,CHEMBL1198335,c1ccc(Nc2nc(NCC3CCCO3)c3ccccc3n2)cc1,1
14765488,CHEMBL1891338,c1ccc(CNc2ncnc3ccsc23)cc1,5
14765492,CHEMBL595134,O=C1C=C2C(=N1)c1cccc3c(N4CCSCC4)ccc2c13,5
14765493,CHEMBL2147033,O=C1COC2(CCN(S(=O)(=O)c3ccc(-c4ccc5cnccc5c4)cc3)CC2)CN1C1CC1,3
14765494,CHEMBL49,O=C1CC2(CCCC2)CC(=O)N1CCCCN1CCN(c2ncccn2)CC1,3
14765495,CHEMBL314034,c1ccc(Cn2cnc(-c3ccccc3)n2)cc1,5
14765499,CHEMBL1526668,O=C(c1csc2c1CCCC2)N1CCCCC1,4
14765500,CHEMBL1188966,O=S(=O)(NCC1CCC(CNc2ncc3ccccc3n2)CC1)c1ccccc1,2
14765503,CHEMBL1345333,c1ccc(Nc2[nH]nnc2-c2ccccc2)cc1,4
14765504,CHEMBL1916284,O=S(=O)(Nc1ccnn1-c1ccccc1)c1ccccc1,2
14765505,CHEMBL304087,O=C(Nc1ccc(-c2cnco2)cc1)Nc1cccc(CNC(=O)OC2CCOC2)c1,5
14765508,CHEMBL379350,O=c1ccc2ccccc2o1,3
14765514,CHEMBL14762,c1ccc(CNc2ncnc3[nH]cnc23)cc1,4
14765515,CHEMBL2098332,O=C(COc1ccnc2ccccc12)Nc1ccccc1,5
14765516,CHEMBL103667,O=C(Nc1ccc(OCCN2CCOCC2)c2ccccc12)Nc1ccnn1-c1ccccc1,4
14765520,CHEMBL2170992,O=C(NCCCSCC1CCC(n2cnc3cncnc32)O1)Nc1ccccc1,3
14765521,CHEMBL2098096,O=C(COc1ccnc2ccccc12)NCc1ccccc1,4
14765522,CHEMBL513412,O=C(c1ccco1)N(Cc1ccccc1)c1ccccc1,1
14765523,CHEMBL2164670,O=C(NCc1ccccc1)C1CCCCC1C(=O)N1CCN(Cc2ccccc2)CC1,2
14765524,CHEMBL6966,c1ccc(CCCCNCCc2ccccc2)cc1,4
14765529,CHEMBL1829876,O=C(CNS(=O)(=O)c1ccccc1)N(Cc1ccc(C2CCCCC2)cc1)c1ccccc1,3
14765531,CHEMBL402501,O=C(Cc1cccc(CCNCCc2ccccc2)c1)NC12CC3CC(CC(C3)C1)C2,1
14765534,CHEMBL192,O=c1[nH]c(-c2cccc(S(=O)(=O)N3CCNCC3)c2)nc2cn[nH]c12,4
14765535,CHEMBL574059,O=c1[nH]c2nc(Nc3ccccc3)ncc2cc1-c1ccccc1,1
14765536,CHEMBL1778622,c1ccc(-c2ccccc2)cc1,4
14765542,CHEMBL1916271,O=C(NC1CCCCC1)c1cnn(-c2ccccc2)c1NS(=O)(=O)c1ccc(-c2cnco2)cc1,1
14765547,CHEMBL1587607,O=C(Nc1ccccc1)c1cc[nH]n1,2
14765548,CHEMBL2097971,O=C(COc1ccnc2ccccc12)Nc1ccccc1,5
14765551,CHEMBL1194325,O=C(OC1C[N+]2(CCCOc3ccccc3)CCC1CC2)C(c1cccs1)c1cccs1,1
14765553,CHEMBL1800659,O=C(CCOCCc1ccccc1)NCCNCCc1cccc2[nH]c(=O)sc12,3
14765561,CHEMBL250961,O=S(=O)(NC1CCN(Cc2ccc(-c3ccccc3)cc2)C1)c1ccccc1,3
14765562,CHEMBL469728,O=C(c1ccco1)N(Cc1ccccc1)c1ccccc1,1
14765563,CHEMBL222659,O=C(Nc1ccccn1)c1ccc2[nH]c(-c3ccc(NC(=O)C45CC6CC(CC(C6)C4)C5)cc3)nc2c1,1
14765564,CHEMBL561771,O=C(Nc1ccccc1)c1cccc(Cc2cn[nH]c2-c2ccccc2)c1,1
14769802,CHEMBL70972,O=C1C=CC(=O)C(Cc2ccccc2)=C1,2
14769803,CHEMBL271012,O=c1[nH]c2nc(SCc3ccccc3)ncc2s1,1
14769804,CHEMBL383322,c1ccc2c(c1)ncc1nc[nH]c12,3
14769805,CHEMBL552512,O=C(CC1CCCCCC1)Nc1cccc2c(=O)n(C3CCNC3)ccc12,1
14769806,CHEMBL2171047,O=C(NS(=O)(=O)c1ccccc1)N1CCC(N2CCC(Oc3ccccc3)CC2)CC1,5
14769807,CHEMBL2208431,O=C(NCCCN1CCC(Oc2ccccc2)CC1)c1n[nH]c(=O)c2ccccc12,1
14769808,CHEMBL1917448,O=S(=O)(c1ccccc1)c1c[nH]c2ccccc12,5
14769809,CHEMBL119385,O=c1ncn2nc(Sc3ccccc3)ccc2c1-c1ccccc1,1
14769810,CHEMBL2031229,O=C(Nc1cccc(-n2cnc3ccc(N4CCNCC4)cc3c2=O)c1)c1ccccc1,5
14769811,CHEMBL1917445,c1ccc([SH+]c2c[nH]c3ccccc23)cc1,5
14769812,CHEMBL452273,c1ccc(-c2cccs2)cc1,1
14769813,CHEMBL390191,c1nc(CSc2ncc3scnc3n2)cs1,4
14769814,CHEMBL1529362,c1ccc(-c2nncs2)cc1,1
