claim_id,claim,artefact_path,artefact_sha256,originating_commit,tool,origin_status,historical_execution_evidence,reproduction_status,classification,notes
RFD_rfdiffusion_bipd_test_hotspots_design_0.pdb,Primary design backbone,rfdiffusion_test_results/rfdiffusion_bipd_test_hotspots_design_0.pdb,709acf8c233446f701b703745e083a771403b3819e2ce7028f8259b41cab13b3,002eb66,RFdiffusion,REAL_MODEL_OUTPUT,STRONG,NOT_RERUN,DOCUMENTED_NOT_RECOMPUTED,
RFD_rfdiffusion_bipd_test_hotspots_design_1.pdb,Primary design backbone,rfdiffusion_test_results/rfdiffusion_bipd_test_hotspots_design_1.pdb,6875e1209f5bd93156745c4ed7fbf9d802992f7a260f175e045e5a4b569e4c7c,002eb66,RFdiffusion,REAL_MODEL_OUTPUT,STRONG,NOT_RERUN,DOCUMENTED_NOT_RECOMPUTED,
RFD_rfdiffusion_bipd_test_hotspots_design_2.pdb,Primary design backbone,rfdiffusion_test_results/rfdiffusion_bipd_test_hotspots_design_2.pdb,ff40903400b1363ec13b32541bbd339f9fbd04b736dc62291fb4707ed5ad26e8,002eb66,RFdiffusion,REAL_MODEL_OUTPUT,STRONG,NOT_RERUN,DOCUMENTED_NOT_RECOMPUTED,
RFD_rfdiffusion_bipd_test_hotspots_design_3.pdb,Primary design backbone,rfdiffusion_test_results/rfdiffusion_bipd_test_hotspots_design_3.pdb,405b94e16c3ebe4155c28ca981b7c177724125a84e586336d95f00374b5d80df,002eb66,RFdiffusion,REAL_MODEL_OUTPUT,STRONG,NOT_RERUN,DOCUMENTED_NOT_RECOMPUTED,
RFD_rfdiffusion_bipd_test_hotspots_design_4.pdb,Primary design backbone,rfdiffusion_test_results/rfdiffusion_bipd_test_hotspots_design_4.pdb,ba2ba6477b51f733ff0c15123abb1a8a3cb899fb379b5664bf674caf6c7eaa03,002eb66,RFdiffusion,REAL_MODEL_OUTPUT,STRONG,NOT_RERUN,DOCUMENTED_NOT_RECOMPUTED,
RFD_rfdiffusion_TRWM_design_0.pdb,Primary design backbone,rfdiffusion_test_sync2/rfdiffusion_TRWM_design_0.pdb,9f5806b765e947ed63dd5b13b822a72b6d6fe2d9e5cd768f4a492b93312d89d0,002eb66,RFdiffusion,REAL_MODEL_OUTPUT,STRONG,NOT_RERUN,DOCUMENTED_NOT_RECOMPUTED,
RFD_rfdiffusion_bipd_test_hotspots_design_0_pX0_traj.pdb,Trajectory file,rfdiffusion_test_results/rfdiffusion_bipd_test_hotspots_design_0_pX0_traj.pdb,9559adf29370d90f38f4cb423677a66192a8082f8173aece66739666e45fd8bd,002eb66,RFdiffusion,REAL_MODEL_OUTPUT,STRONG,NOT_RERUN,DOCUMENTED_NOT_RECOMPUTED,
RFD_rfdiffusion_bipd_test_hotspots_design_0_Xt-1_traj.pdb,Trajectory file,rfdiffusion_test_results/rfdiffusion_bipd_test_hotspots_design_0_Xt-1_traj.pdb,e0151fa09d1b234a29d656d514cd2c2ead8c390f0b647520e2bb36235f10b7ac,002eb66,RFdiffusion,REAL_MODEL_OUTPUT,STRONG,NOT_RERUN,DOCUMENTED_NOT_RECOMPUTED,
RFD_rfdiffusion_bipd_test_hotspots_design_1_pX0_traj.pdb,Trajectory file,rfdiffusion_test_results/rfdiffusion_bipd_test_hotspots_design_1_pX0_traj.pdb,bd37331c3d7986c4b20f9e42f09727c9152dd9fb0e3126f8d00e8d1e87712bc7,002eb66,RFdiffusion,REAL_MODEL_OUTPUT,STRONG,NOT_RERUN,DOCUMENTED_NOT_RECOMPUTED,
RFD_rfdiffusion_bipd_test_hotspots_design_1_Xt-1_traj.pdb,Trajectory file,rfdiffusion_test_results/rfdiffusion_bipd_test_hotspots_design_1_Xt-1_traj.pdb,60ad07b7710031a0f129752bdb22e0719241fd1a3ec9edd50193388159e8797f,002eb66,RFdiffusion,REAL_MODEL_OUTPUT,STRONG,NOT_RERUN,DOCUMENTED_NOT_RECOMPUTED,
RFD_rfdiffusion_bipd_test_hotspots_design_2_pX0_traj.pdb,Trajectory file,rfdiffusion_test_results/rfdiffusion_bipd_test_hotspots_design_2_pX0_traj.pdb,c6c4f624f32f2881b219ede97ef3538aec2441d7254eac980eaac35beaa8a6d6,002eb66,RFdiffusion,REAL_MODEL_OUTPUT,STRONG,NOT_RERUN,DOCUMENTED_NOT_RECOMPUTED,
RFD_rfdiffusion_bipd_test_hotspots_design_2_Xt-1_traj.pdb,Trajectory file,rfdiffusion_test_results/rfdiffusion_bipd_test_hotspots_design_2_Xt-1_traj.pdb,483ec9b0b121ee2ba18f4a4b6d5aaeadf50f1850f716ea5773c0d78c5f54b9d9,002eb66,RFdiffusion,REAL_MODEL_OUTPUT,STRONG,NOT_RERUN,DOCUMENTED_NOT_RECOMPUTED,
RFD_rfdiffusion_bipd_test_hotspots_design_3_pX0_traj.pdb,Trajectory file,rfdiffusion_test_results/rfdiffusion_bipd_test_hotspots_design_3_pX0_traj.pdb,469bda0a36a3db4e2fe4f9b36a145ee027fd6a95a0ab1b96e836da58cea0f842,002eb66,RFdiffusion,REAL_MODEL_OUTPUT,STRONG,NOT_RERUN,DOCUMENTED_NOT_RECOMPUTED,
RFD_rfdiffusion_bipd_test_hotspots_design_3_Xt-1_traj.pdb,Trajectory file,rfdiffusion_test_results/rfdiffusion_bipd_test_hotspots_design_3_Xt-1_traj.pdb,0fb6926dae7965c8b0428a5bd196f846a15e8d7aed11c6359a92a9918759a0f0,002eb66,RFdiffusion,REAL_MODEL_OUTPUT,STRONG,NOT_RERUN,DOCUMENTED_NOT_RECOMPUTED,
RFD_rfdiffusion_bipd_test_hotspots_design_4_pX0_traj.pdb,Trajectory file,rfdiffusion_test_results/rfdiffusion_bipd_test_hotspots_design_4_pX0_traj.pdb,31332b290eccd2eaba0547e79b39192f22ffe48615e96584b73e9c40f61d54c2,002eb66,RFdiffusion,REAL_MODEL_OUTPUT,STRONG,NOT_RERUN,DOCUMENTED_NOT_RECOMPUTED,
RFD_rfdiffusion_bipd_test_hotspots_design_4_Xt-1_traj.pdb,Trajectory file,rfdiffusion_test_results/rfdiffusion_bipd_test_hotspots_design_4_Xt-1_traj.pdb,f257db134670c8ec32a4e0a1478b5a30b943becfa6af2cd51f0a64b79d12bb08,002eb66,RFdiffusion,REAL_MODEL_OUTPUT,STRONG,NOT_RERUN,DOCUMENTED_NOT_RECOMPUTED,
RFD_rfdiffusion_TRWM_design_0_pX0_traj.pdb,Trajectory file,rfdiffusion_test_sync2/rfdiffusion_TRWM_design_0_pX0_traj.pdb,5e92d755e293c37656c291bbb0a0d3400402dc2adb3000a66513348f7054d614,002eb66,RFdiffusion,REAL_MODEL_OUTPUT,STRONG,NOT_RERUN,DOCUMENTED_NOT_RECOMPUTED,
RFD_rfdiffusion_TRWM_design_0_Xt-1_traj.pdb,Trajectory file,rfdiffusion_test_sync2/rfdiffusion_TRWM_design_0_Xt-1_traj.pdb,46cf670056ace924c5270e81a18fce9f8e85c414f02114153986c776d53c449e,002eb66,RFdiffusion,REAL_MODEL_OUTPUT,STRONG,NOT_RERUN,DOCUMENTED_NOT_RECOMPUTED,
RFD_rfdiffusion_bipd_test_hotspots_design_0.trb,TRB metadata file,rfdiffusion_test_results/rfdiffusion_bipd_test_hotspots_design_0.trb,435b3bb9e139269030a53d16e5c41b70b7ed25d90e5e181141d46f7ae8dac157,002eb66,RFdiffusion,REAL_MODEL_OUTPUT,STRONG,NOT_RERUN,DOCUMENTED_NOT_RECOMPUTED,
RFD_rfdiffusion_bipd_test_hotspots_design_1.trb,TRB metadata file,rfdiffusion_test_results/rfdiffusion_bipd_test_hotspots_design_1.trb,3f48fda1555f28f0cb8fe90cc888be8411073517a527b36bfb5f9c20979431ea,002eb66,RFdiffusion,REAL_MODEL_OUTPUT,STRONG,NOT_RERUN,DOCUMENTED_NOT_RECOMPUTED,
RFD_rfdiffusion_bipd_test_hotspots_design_2.trb,TRB metadata file,rfdiffusion_test_results/rfdiffusion_bipd_test_hotspots_design_2.trb,81784f739100cb3b4c1543dd538ef07d98348f9b09b3a4b8cfa38294054c778c,002eb66,RFdiffusion,REAL_MODEL_OUTPUT,STRONG,NOT_RERUN,DOCUMENTED_NOT_RECOMPUTED,
RFD_rfdiffusion_bipd_test_hotspots_design_3.trb,TRB metadata file,rfdiffusion_test_results/rfdiffusion_bipd_test_hotspots_design_3.trb,bb839a2672dc530f201d53923bb962f345ca4f1eef4d0a03a45e8ecde5d2dc96,002eb66,RFdiffusion,REAL_MODEL_OUTPUT,STRONG,NOT_RERUN,DOCUMENTED_NOT_RECOMPUTED,
RFD_rfdiffusion_bipd_test_hotspots_design_4.trb,TRB metadata file,rfdiffusion_test_results/rfdiffusion_bipd_test_hotspots_design_4.trb,b91f86641d6733e1b38713ddeb525948f0877c3cac732dd0452ec0f885b2cc71,002eb66,RFdiffusion,REAL_MODEL_OUTPUT,STRONG,NOT_RERUN,DOCUMENTED_NOT_RECOMPUTED,
RFD_rfdiffusion_TRWM_design_0.trb,TRB metadata file,rfdiffusion_test_sync2/rfdiffusion_TRWM_design_0.trb,5eed390df901076546787d06921ef3ebf633e138060bf15db8112916ff3b899c,002eb66,RFdiffusion,REAL_MODEL_OUTPUT,STRONG,NOT_RERUN,DOCUMENTED_NOT_RECOMPUTED,
RFD_rfdiffusion_bipd_test_hotspots_design_0_cleaning_report.csv,Auxiliary/cleaning report,rfdiffusion_test_results/rfdiffusion_bipd_test_hotspots_design_0_cleaning_report.csv,aa195f5a784a792475c21e1b4bde0869d0edb0d07a44a7058338f2f614da381d,002eb66,RFdiffusion,REAL_MODEL_OUTPUT,STRONG,NOT_RERUN,DOCUMENTED_NOT_RECOMPUTED,
RFD_rfdiffusion_bipd_test_hotspots_design_1_cleaning_report.csv,Auxiliary/cleaning report,rfdiffusion_test_results/rfdiffusion_bipd_test_hotspots_design_1_cleaning_report.csv,ef1236f7a33f38d100a9fa568713a3a4c136dec5dc45588087d24e97e3ba74c2,002eb66,RFdiffusion,REAL_MODEL_OUTPUT,STRONG,NOT_RERUN,DOCUMENTED_NOT_RECOMPUTED,
RFD_rfdiffusion_bipd_test_hotspots_design_2_cleaning_report.csv,Auxiliary/cleaning report,rfdiffusion_test_results/rfdiffusion_bipd_test_hotspots_design_2_cleaning_report.csv,6db9f65b1c41a95adaae0dccefd38f53b69dfa86e1db7b3a1d9ee226b3535f2c,002eb66,RFdiffusion,REAL_MODEL_OUTPUT,STRONG,NOT_RERUN,DOCUMENTED_NOT_RECOMPUTED,
RFD_rfdiffusion_bipd_test_hotspots_design_3_cleaning_report.csv,Auxiliary/cleaning report,rfdiffusion_test_results/rfdiffusion_bipd_test_hotspots_design_3_cleaning_report.csv,b824e1046aecced2ecdce420128bd2278f0e7f015dfecd3460317fad9b8f8f37,002eb66,RFdiffusion,REAL_MODEL_OUTPUT,STRONG,NOT_RERUN,DOCUMENTED_NOT_RECOMPUTED,
RFD_rfdiffusion_bipd_test_hotspots_design_4_cleaning_report.csv,Auxiliary/cleaning report,rfdiffusion_test_results/rfdiffusion_bipd_test_hotspots_design_4_cleaning_report.csv,25daca91ca1aefc4f1b7f646ef9edc58f2623df9e36135e105b735a9363b90a7,002eb66,RFdiffusion,REAL_MODEL_OUTPUT,STRONG,NOT_RERUN,DOCUMENTED_NOT_RECOMPUTED,
RFD_rfdiffusion_TRWM_design_0_cleaning_report.csv,Auxiliary/cleaning report,rfdiffusion_test_sync2/rfdiffusion_TRWM_design_0_cleaning_report.csv,634227b2442b855472d6418e071fe655af5964f27567d461e355f42110916daf,002eb66,RFdiffusion,REAL_MODEL_OUTPUT,STRONG,NOT_RERUN,DOCUMENTED_NOT_RECOMPUTED,
MPNN_rfdiffusion_bipd_test_hotspots_design_0.fa,ProteinMPNN sequences (2 generated),amina_results/bipd_sequences/rfdiffusion_bipd_test_hotspots_design_0.fa,2563c90cfe5aabf794bb95c33b39ac803d0c0b2dfe7f06b68df82b49c0eeef84,4f9c4ce,ProteinMPNN,REAL_MODEL_OUTPUT,STRONG,NOT_RERUN,DOCUMENTED_NOT_RECOMPUTED,"Native: 1, Generated: 2"
MPNN_rfdiffusion_bipd_test_hotspots_design_1.fa,ProteinMPNN sequences (2 generated),amina_results/bipd_sequences/rfdiffusion_bipd_test_hotspots_design_1.fa,c58f65ffdf96e2d8df0849250e99b93d6aeb45090f1a77b4f4be5b54bb817f07,4f9c4ce,ProteinMPNN,REAL_MODEL_OUTPUT,STRONG,NOT_RERUN,DOCUMENTED_NOT_RECOMPUTED,"Native: 1, Generated: 2"
MPNN_rfdiffusion_bipd_test_hotspots_design_2.fa,ProteinMPNN sequences (2 generated),amina_results/bipd_sequences/rfdiffusion_bipd_test_hotspots_design_2.fa,755e812e6e3314734c7015cd82edf44e01f2151f579d4a50a10285282a54ff89,4f9c4ce,ProteinMPNN,REAL_MODEL_OUTPUT,STRONG,NOT_RERUN,DOCUMENTED_NOT_RECOMPUTED,"Native: 1, Generated: 2"
MPNN_rfdiffusion_bipd_test_hotspots_design_3.fa,ProteinMPNN sequences (2 generated),amina_results/bipd_sequences/rfdiffusion_bipd_test_hotspots_design_3.fa,7e93b1be55df0a9f777944a7d2a17156ed2b4f576ac5caa8eb7b596e839744c3,4f9c4ce,ProteinMPNN,REAL_MODEL_OUTPUT,STRONG,NOT_RERUN,DOCUMENTED_NOT_RECOMPUTED,"Native: 1, Generated: 2"
MPNN_rfdiffusion_bipd_test_hotspots_design_4.fa,ProteinMPNN sequences (2 generated),amina_results/bipd_sequences/rfdiffusion_bipd_test_hotspots_design_4.fa,7805938338b729feda012ffc01a9ca9a7c5bc1a45fe73aa73b6fa52ddabb89aa,4f9c4ce,ProteinMPNN,REAL_MODEL_OUTPUT,STRONG,NOT_RERUN,DOCUMENTED_NOT_RECOMPUTED,"Native: 1, Generated: 2"
ESM_folded_design_0_seq_1.pdb,ESMFold predicted structure,amina_results/bipd_folded_binders/folded_design_0_seq_1.pdb,0e98f9970741858d9753c72b299eed70c8f5e290f12038c3c0c591e53301d605,2534ec9,ESMFold,REAL_MODEL_OUTPUT,STRONG,NOT_RERUN,DOCUMENTED_NOT_RECOMPUTED,
ESM_folded_design_0_seq_2.pdb,ESMFold predicted structure,amina_results/bipd_folded_binders/folded_design_0_seq_2.pdb,6bdfa2ca36b4474d637da75ca2872f6102b523f95c28466f291721c636545b8b,2534ec9,ESMFold,REAL_MODEL_OUTPUT,STRONG,NOT_RERUN,DOCUMENTED_NOT_RECOMPUTED,
ESM_folded_design_1_seq_1.pdb,ESMFold predicted structure,amina_results/bipd_folded_binders/folded_design_1_seq_1.pdb,b33de01ca82cf1bd41bc76687aed08d2ed5bbc077b68bae35205403fabbdb47a,2534ec9,ESMFold,REAL_MODEL_OUTPUT,STRONG,NOT_RERUN,DOCUMENTED_NOT_RECOMPUTED,
ESM_folded_design_1_seq_2.pdb,ESMFold predicted structure,amina_results/bipd_folded_binders/folded_design_1_seq_2.pdb,8cd1ee882be2643aa1092fc9f75b4f78d1d4058a79a929675559b1d1417ec8bc,2534ec9,ESMFold,REAL_MODEL_OUTPUT,STRONG,NOT_RERUN,DOCUMENTED_NOT_RECOMPUTED,
ESM_folded_design_2_seq_1.pdb,ESMFold predicted structure,amina_results/bipd_folded_binders/folded_design_2_seq_1.pdb,3915cdde036ba5e1f5bc0964d9c3ff2bd8b58d79304b98f591143e0ffce5a3ba,2534ec9,ESMFold,REAL_MODEL_OUTPUT,STRONG,NOT_RERUN,DOCUMENTED_NOT_RECOMPUTED,
ESM_folded_design_2_seq_2.pdb,ESMFold predicted structure,amina_results/bipd_folded_binders/folded_design_2_seq_2.pdb,aa0177f74cead13f8402f4fd400a5816b1ae0093eddff41748e00562353c6f96,2534ec9,ESMFold,REAL_MODEL_OUTPUT,STRONG,NOT_RERUN,DOCUMENTED_NOT_RECOMPUTED,
ESM_folded_design_3_seq_1.pdb,ESMFold predicted structure,amina_results/bipd_folded_binders/folded_design_3_seq_1.pdb,2aaae15210093b47fbb17efa6f18bf9ebae6e8a829eb881d9fbd61ffab69e872,2534ec9,ESMFold,REAL_MODEL_OUTPUT,STRONG,NOT_RERUN,DOCUMENTED_NOT_RECOMPUTED,
ESM_folded_design_3_seq_2.pdb,ESMFold predicted structure,amina_results/bipd_folded_binders/folded_design_3_seq_2.pdb,f6d5c07fb1d33d76a39580ad1ba942c92fc7bc6eaf83b96c9068021680ad8c38,2534ec9,ESMFold,REAL_MODEL_OUTPUT,STRONG,NOT_RERUN,DOCUMENTED_NOT_RECOMPUTED,
ESM_folded_design_4_seq_1.pdb,ESMFold predicted structure,amina_results/bipd_folded_binders/folded_design_4_seq_1.pdb,63f5d86028b0b487ee365ab2ed24835b54ff0e0cc5458f2d4c4aa8f6b47ea058,2534ec9,ESMFold,REAL_MODEL_OUTPUT,STRONG,NOT_RERUN,DOCUMENTED_NOT_RECOMPUTED,
ESM_folded_design_4_seq_2.pdb,ESMFold predicted structure,amina_results/bipd_folded_binders/folded_design_4_seq_2.pdb,942040df3c3f2a52b74f5d0999eaabe59b6543574dae2c6ecc1a2abaeafcb032,2534ec9,ESMFold,REAL_MODEL_OUTPUT,STRONG,NOT_RERUN,DOCUMENTED_NOT_RECOMPUTED,
RMSD_0.688,ESMFold 0.688 Å RMSD structural validation proof,N/A,N/A,N/A,N/A,UNKNOWN,NONE,UNRESOLVED,UNVERIFIED_CLAIM,Original comparison definition unavailable. Simple C-alpha alignment of matching pairs yielded 1.7-4.7 Å.
BOLTZ_OUTPUT,Boltz-2 complex validation,amina_results/bipd_initial/boltz2_bipd_boltz2_pred_structure.pdb,c80587022cb287e19dfb52fcce6c0417b52d45deba9029e735fefe39d4a532ac,93a4078,Boltz,FALLBACK_OR_SIMULATED,CONFIRMED,DETERMINISTICALLY_VERIFIED,FALLBACK_OR_SIMULATED,Deterministic check: byte-identical to scaffold = False. Proven fallback/simulation via repository pipeline code and execution failure logs.
PESTO_VALIDATION,PeSTo binding interface confidence metrics,agents/aminoanalytica_pipeline.py,795d761279af3b2f672384d0645dfe3d488b9a97a9a051ead88bfcf05d7d1f05,56e90ed,PeSTo,FALLBACK_OR_SIMULATED,CONFIRMED,DETERMINISTICALLY_VERIFIED,FALLBACK_OR_SIMULATED,Proven fallback/simulation via repository pipeline code (hardcoded 100% hotspot coverage mock).
