method,condition,candidate_id,rank,primary_5_0_centroid_distance,primary_5_0_recovered,primary_5_0_jaccard,primary_5_0_recall,primary_5_0_precision,primary_5_0_intersection,primary_5_0_upstream_hit,sensitivity_4_5_centroid_distance,sensitivity_4_5_recovered,sensitivity_4_5_jaccard,sensitivity_4_5_recall,sensitivity_4_5_precision,sensitivity_4_5_intersection,sensitivity_4_5_upstream_hit,method_score_score,method_score_probability,method_score_sas_points,method_score_surf_atoms,method_score_druggability,method_score_volume_A3,method_score_persistence,method_score_crypticity
p2rank,apo,p2rank_apo_1,1,5.447158555429254,False,0.36,0.375,0.9,9,True,5.006182619521586,False,0.391304347826087,0.4090909090909091,0.9,9,True,3.86,0.151,48,25,,,,
p2rank,apo,p2rank_apo_2,2,8.92828584171225,False,0.14814814814814814,0.16666666666666666,0.5714285714285714,4,False,8.996291402471455,False,0.11538461538461539,0.13636363636363635,0.42857142857142855,3,False,2.02,0.044,25,13,,,,
p2rank,apo,p2rank_apo_3,3,10.58678390225219,False,0.0,0.0,0.0,0,False,10.989064900700976,False,0.0,0.0,0.0,0,False,1.94,0.04,23,19,,,,
p2rank,apo,p2rank_apo_4,4,4.972601555824285,False,0.20833333333333334,0.20833333333333334,1.0,5,False,5.024260668813056,False,0.22727272727272727,0.22727272727272727,1.0,5,False,1.29,0.014,23,10,,,,
p2rank,holo_control,p2rank_holo_control_1,1,6.84941138190295,False,0.5,0.5,1.0,12,True,6.540653888596554,False,0.5454545454545454,0.5454545454545454,1.0,12,True,11.29,0.604,66,36,,,,
p2rank,holo_control,p2rank_holo_control_2,2,6.973911384118792,False,0.25,0.25,1.0,6,True,7.20597516638762,False,0.2727272727272727,0.2727272727272727,1.0,6,True,1.86,0.036,32,19,,,,
p2rank,holo_control,p2rank_holo_control_3,3,16.97403136186397,False,0.0,0.0,0.0,0,False,16.91866762286973,False,0.0,0.0,0.0,0,False,1.47,0.02,30,17,,,,
lacuna,apo,lacuna_apo_1,1,4.961590545886739,False,0.3939393939393939,0.5416666666666666,0.5909090909090909,13,True,4.599333236620055,False,0.41935483870967744,0.5909090909090909,0.5909090909090909,13,True,,,,,0.803,139.7,0.667,0.472
lacuna,apo,lacuna_apo_2,2,13.114491817386869,False,0.05555555555555555,0.08333333333333333,0.14285714285714285,2,False,13.506753762283507,False,0.058823529411764705,0.09090909090909091,0.14285714285714285,2,False,,,,,0.652,127.6,0.857,0.333
lacuna,apo,lacuna_apo_3,3,7.910819422015947,False,0.3333333333333333,0.4583333333333333,0.55,11,True,8.245549318045924,False,0.3125,0.45454545454545453,0.5,10,True,,,,,0.722,164.5,0.286,0.866
lacuna,apo,lacuna_apo_4,4,8.152434481765239,False,0.2857142857142857,0.4166666666666667,0.47619047619047616,10,True,8.363524318626284,False,0.2647058823529412,0.4090909090909091,0.42857142857142855,9,True,,,,,0.703,108.5,0.095,0.754
lacuna,apo,lacuna_apo_5,5,5.407245062498602,False,0.3448275862068966,0.4166666666666667,0.6666666666666666,10,True,5.0365624519069625,False,0.37037037037037035,0.45454545454545453,0.6666666666666666,10,True,,,,,0.703,101.5,0.095,0.703
lacuna,apo,lacuna_apo_6,6,12.528853857960724,False,0.0,0.0,0.0,0,False,12.971665320691018,False,0.0,0.0,0.0,0,False,,,,,0.708,124.0,0.476,0.858
lacuna,apo,lacuna_apo_7,7,15.670235516375314,False,0.027777777777777776,0.041666666666666664,0.07692307692307693,1,False,16.134324060821967,False,0.029411764705882353,0.045454545454545456,0.07692307692307693,1,False,,,,,0.677,104.3,0.143,0.0
lacuna,apo,lacuna_apo_8,8,6.536995746986943,False,0.43333333333333335,0.5416666666666666,0.6842105263157895,13,True,6.744006718068749,False,0.41379310344827586,0.5454545454545454,0.631578947368421,12,True,,,,,0.818,124.4,0.381,0.385
lacuna,apo,lacuna_apo_9,9,6.481254558175761,False,0.2682926829268293,0.4583333333333333,0.39285714285714285,11,True,6.93108610207343,False,0.25,0.45454545454545453,0.35714285714285715,10,True,,,,,0.804,114.6,0.429,0.83
lacuna,apo,lacuna_apo_10,10,20.649578511741066,False,0.025,0.041666666666666664,0.058823529411764705,1,False,20.63984294625527,False,0.0,0.0,0.0,0,False,,,,,0.671,84.5,0.095,0.671
lacuna,holo_control,lacuna_holo_control_1,1,4.4811975356187395,False,0.56,0.5833333333333334,0.9333333333333333,14,True,4.290715996715554,False,0.6086956521739131,0.6363636363636364,0.9333333333333333,14,True,,,,,0.61,186.5,0.19,0.722
lacuna,holo_control,lacuna_holo_control_2,2,8.049487324331224,False,0.42857142857142855,0.5,0.75,12,True,7.719384340902643,False,0.4074074074074074,0.5,0.6875,11,True,,,,,0.719,118.7,0.524,0.796
lacuna,holo_control,lacuna_holo_control_3,3,7.995263317125496,False,0.3870967741935484,0.5,0.631578947368421,12,True,8.263821106869921,False,0.41379310344827586,0.5454545454545454,0.631578947368421,12,True,,,,,0.706,112.3,0.143,0.71
lacuna,holo_control,lacuna_holo_control_4,4,12.098533068902709,False,0.09090909090909091,0.16666666666666666,0.16666666666666666,4,False,12.195011629900138,False,0.06976744186046512,0.13636363636363635,0.125,3,False,,,,,0.792,144.8,0.762,0.549
lacuna,holo_control,lacuna_holo_control_5,5,15.345265820852564,False,0.12121212121212122,0.16666666666666666,0.3076923076923077,4,False,15.058082800658521,False,0.12903225806451613,0.18181818181818182,0.3076923076923077,4,False,,,,,0.559,102.7,0.143,0.0
lacuna,holo_control,lacuna_holo_control_6,6,16.983163059102274,False,0.025,0.041666666666666664,0.058823529411764705,1,False,16.921744954091952,False,0.02631578947368421,0.045454545454545456,0.058823529411764705,1,False,,,,,0.771,118.8,0.619,0.324
lacuna,holo_control,lacuna_holo_control_7,7,18.975478847451814,False,0.0,0.0,0.0,0,False,18.920457610628574,False,0.0,0.0,0.0,0,False,,,,,0.731,133.7,0.143,0.861
lacuna,holo_control,lacuna_holo_control_8,8,9.149280661755233,False,0.18604651162790697,0.3333333333333333,0.2962962962962963,8,False,9.068746444398414,False,0.16666666666666666,0.3181818181818182,0.25925925925925924,7,False,,,,,0.763,114.0,0.095,0.821
lacuna,holo_control,lacuna_holo_control_9,9,21.0554728473098,False,0.0,0.0,0.0,0,False,20.94914375552701,False,0.0,0.0,0.0,0,False,,,,,0.634,97.0,0.238,0.666
lacuna,holo_control,lacuna_holo_control_10,10,16.929508896307826,False,0.0,0.0,0.0,0,False,17.275749913938995,False,0.0,0.0,0.0,0,False,,,,,0.604,86.0,0.095,0.641
