canonical_smiles_rdkit,evidence_label,hh_activity_ids,hh_molecule_ids,hlm_activity_ids,hlm_molecule_ids,multiple_rows_or_ids,shares_molecule_id
C#CC[C@@H](C(=O)N[C@H](/C=C/C(=O)OCC)C[C@@H]1CCNC1=O)n1cccc(NC(=O)c2cc(C)on2)c1=O,OBSERVED,[14764288],"[""CHEMBL141157""]",[14762442],"[""CHEMBL141157""]",False,True
C#Cc1cccc(Nc2ncnc3cc(OCCOC)c(OCCOC)cc23)c1,OBSERVED,[14759996],"[""CHEMBL553""]",[14762377],"[""CHEMBL553""]",False,True
CC#C[C@]1(O)CC[C@H]2[C@@H]3CCC4=CC(=O)CCC4=C3[C@@H](c3ccc(N(C)C)cc3)C[C@@]21C,OBSERVED,[14763339],"[""CHEMBL1276308""]",[14765368],"[""CHEMBL1276308""]",False,True
CC(=O)CC(c1ccccc1)c1c(O)c2ccccc2oc1=O,OBSERVED,[14769743],"[""CHEMBL1464""]",[14759846],"[""CHEMBL1464""]",False,True
CC(=O)Nc1ccc(O)cc1,OBSERVED,[14759929],"[""CHEMBL112""]",[14758727],"[""CHEMBL112""]",False,True
CC(C(=O)O)c1ccc(C(=O)c2cccs2)cc1,OBSERVED,[14761207],"[""CHEMBL956""]",[14758918],"[""CHEMBL956""]",False,True
CC(C)(C)NC(=O)[C@@H]1C[C@@H]2CCCC[C@@H]2CN1C[C@@H](O)[C@H](Cc1ccccc1)NC(=O)[C@H](CC(N)=O)NC(=O)c1ccc2ccccc2n1,OBSERVED,[14763317],"[""CHEMBL114""]",[14766495],"[""CHEMBL114""]",False,True
CC(C)(C)NC(=O)c1ccc(Oc2cc(F)c(CC(=O)O)cc2Cl)c(NS(=O)(=O)c2ccc(C3CC3)cc2Cl)c1,OBSERVED,[14759888],"[""CHEMBL1951575""]",[14769863],"[""CHEMBL1951575""]",False,True
CC(C)(C)NS(=O)(=O)c1cncc(-c2ccc3nc(NC(=O)NCC(=O)N4CCCC4)nn3c2)c1,OBSERVED,[14759790],"[""CHEMBL2057371""]",[14759809],"[""CHEMBL2057371""]",False,True
CC(C)(C)NS(=O)(=O)c1cncc(-c2ccc3nc(NC(=O)NCC(=O)N4CCOCC4)nn3c2)c1,OBSERVED,[14758939],"[""CHEMBL2057372""]",[14759808],"[""CHEMBL2057372""]",False,True
CC(C)(C)c1cc(NC(=O)NCc2ccccc2Sc2ccc3nnc(-c4ccccc4SCCO)n3c2)n(-c2ccc(O)c(Cl)c2)n1,OBSERVED,[14763308],"[""CHEMBL1938400""]",[14766496],"[""CHEMBL1938400""]",False,True
CC(C)(C)c1ccc(C(O)CCCN2CCC(C(O)(c3ccccc3)c3ccccc3)CC2)cc1,OBSERVED,[14763460],"[""CHEMBL17157""]",[14765430],"[""CHEMBL17157""]",False,True
CC(C)(CO)Nc1nc(SCc2cccc(F)c2F)nc2nc(N)sc12,OBSERVED,[14759879],"[""CHEMBL380947""]",[14763427],"[""CHEMBL380947""]",False,True
CC(C)(O)c1ccccc1CC[C@@H](SCC1(CC(=O)O)CC1)c1cccc(/C=C/c2ccc3ccc(Cl)cc3n2)c1,OBSERVED,[14762226],"[""CHEMBL787""]",[14763398],"[""CHEMBL787""]",False,True
CC(C)N1CCN(Cc2cnc(-c3cc(-c4cccc5[nH]ccc45)cc4[nH]ncc34)o2)CC1,OBSERVED,[14769723],"[""CHEMBL2216859""]",[14763484],"[""CHEMBL2216859""]",False,True
CC(C)NCC(O)COc1ccc(CCOCC2CC2)cc1,OBSERVED,[14769720],"[""CHEMBL423""]",[14769868],"[""CHEMBL423""]",False,True
CC(NC(C)(C)C)C(=O)c1cccc(Cl)c1,OBSERVED,[14762323],"[""CHEMBL894""]",[14761331],"[""CHEMBL894""]",False,True
CC/C(=C(/c1ccc(O)cc1)c1ccc(/C=C/C(=O)O)cc1)c1ccccc1,OBSERVED,[14764442],"[""CHEMBL1091137""]",[14763455],"[""CHEMBL1091137""]",False,True
CC1(C)[C@H](NC(=O)/C(=N\OCc2cc(=O)c(O)cn2O)c2csc(N)n2)C(=O)N1OS(=O)(=O)O,OBSERVED,[14769716],"[""CHEMBL1256967""]",[14760020],"[""CHEMBL1256967""]",False,True
CC1(CCCc2cc(=O)oc3[nH]c(=O)[nH]c(=O)c23)CC1,OBSERVED,[14769735],"[""CHEMBL2036958""]",[14769829],"[""CHEMBL2036958""]",False,True
CCC(=O)NC(c1cccs1)c1cc(Cl)c2cccnc2c1O,OBSERVED,[14766482],"[""CHEMBL1405150""]",[14762464],"[""CHEMBL1405150""]",False,True
CCC(=O)N[C@H]1CC[C@@H](C(=O)N(C)c2ccc(-c3nc4ccccc4o3)cc2)C1,OBSERVED,[14759775],"[""CHEMBL1834184""]",[14761267],"[""CHEMBL1834184""]",False,True
CCC(CC)NC(=O)c1c(C)nn(-c2ccccc2)c1NS(=O)(=O)c1ccc(C)cc1,OBSERVED,[14769721],"[""CHEMBL1916272""]",[14763276],"[""CHEMBL1916272""]",False,True
CCCCC1=NC2(CCCC2)C(=O)N1Cc1ccc(-c2ccccc2-c2nnn[nH]2)cc1,OBSERVED,[14761248],"[""CHEMBL1513""]",[14762352],"[""CHEMBL1513""]",False,True
CCCCN(CCNCCc1ccc(O)c2[nH]c(=O)sc12)C(=O)CCOCCc1ccccc1,OBSERVED,[14763318],"[""CHEMBL1800659""]",[14765553],"[""CHEMBL1800659""]",False,True
CCCCNC(=O)NS(=O)(=O)c1ccc(C)cc1,OBSERVED,[14759927],"[""CHEMBL782""]",[14759931],"[""CHEMBL782""]",False,True
CCCCNC(=O)c1ccc(Oc2ccc(CC(=O)O)cc2OC)c(NS(=O)(=O)c2ccc(Cl)cc2Cl)c1,OBSERVED,[14769695],"[""CHEMBL589973""]",[14769855],"[""CHEMBL589973""]",False,True
CCCCOc1nc(N)c2[nH]c(=O)n(Cc3cccc(CC(=O)O)c3)c2n1,OBSERVED,[14769790],"[""CHEMBL1089518""]",[14769883],"[""CHEMBL1089518""]",False,True
CCCNC(=O)CSc1ccc(S(=O)(=O)N2CCCC2)cn1,OBSERVED,[14769737],"[""CHEMBL2141746""]",[14761348],"[""CHEMBL2141746""]",False,True
CCCSc1ccc2[nH]c(NC(=O)OC)nc2c1,OBSERVED,[14761346],"[""CHEMBL1483""]",[14763462],"[""CHEMBL1483""]",False,True
CCC[C@H](CO)Nc1nc(S[C@@H](C)c2cccc(C#N)c2)nc2[nH]c(=O)sc12,OBSERVED,[14763256],"[""CHEMBL2349318""]",[14764426],"[""CHEMBL2349318""]",False,True
CCCc1nc2c(C)cc(-c3nc4ccccc4n3C)cc2n1Cc1ccc(-c2ccccc2C(=O)O)cc1,OBSERVED,[14758959],"[""CHEMBL1017""]",[14769854],"[""CHEMBL1017""]",False,True
CCCc1nn(C)c2c(=O)[nH]c(-c3cc(S(=O)(=O)N4CCN(C)CC4)ccc3OCC)nc12,OBSERVED,[14762318],"[""CHEMBL192""]",[14765534],"[""CHEMBL192""]",False,True
CCN(C(=O)c1cnn(-c2ccccc2)c1NS(=O)(=O)c1ccc(-c2cnco2)cc1)C1CCCCC1,OBSERVED,[14761198],"[""CHEMBL1916271""]",[14765542],"[""CHEMBL1916271""]",False,True
CCN(CC)CCN1C(=O)[C@@](O)(c2ccccc2Cl)c2c1cc(C(N)=O)cc2C(F)(F)F,OBSERVED,[14761297],"[""CHEMBL360227""]",[14765424],"[""CHEMBL360227""]",False,True
CCN(CC)Cc1cc(Nc2ccnc3cc(Cl)ccc23)ccc1O,OBSERVED,[14763436],"[""CHEMBL682""]",[14766550],"[""CHEMBL682""]",False,True
CCN(Cc1cc(C(F)(F)F)ccc1-c1cc(CC(=O)O)ccc1OC)C(=O)NCc1ccccc1,OBSERVED,[14763307],"[""CHEMBL2181753""]",[14764536],"[""CHEMBL2181753""]",False,True
CCNC(=O)C[C@@H]1N=C(c2ccc(Cl)cc2)c2cc(OC)ccc2-n2c(C)nnc21,OBSERVED,[14769713],"[""CHEMBL1232461""]",[14762241],"[""CHEMBL1232461""]",False,True
CCOC(=O)/C=C/[C@H](C[C@@H]1CCNC1=O)NC(=O)[C@@H](CC(=O)[C@@H](NC(=O)c1cc(C)on1)C(C)C)Cc1ccc(F)cc1,OBSERVED,[14764314],"[""CHEMBL20210""]",[14765461],"[""CHEMBL20210""]",False,True
CCOC(=O)C1=C(C)NC(C)=C(C(C)=O)[C@H]1c1cccc2c(=O)cc(C)oc12,OBSERVED,[14764370],"[""CHEMBL2181926""]",[14766486],"[""CHEMBL2181926""]",False,True
CCOc1ccc2nc(N)sc2c1,OBSERVED,[14761329],"[""CHEMBL565755""]",[14762416],"[""CHEMBL565755""]",False,True
CCOc1ncc(C)c2c1[C@H](c1ccc(C#N)cc1OC)C(C(N)=O)=C(C)N2,OBSERVED,[14759781],"[""CHEMBL2181927""]",[14765435],"[""CHEMBL2181927""]",False,True
CCOc1noc2cc(OCCC3CCN(c4ccc(C)nn4)CC3)ccc12,OBSERVED,[14763392],"[""CHEMBL2062774""]",[14763407],"[""CHEMBL2062774""]",False,True
CCS(=O)(=O)CCCC12CCC(c3nnc(-c4ccccc4C(F)(F)F)n3C)(CC1)CC2,OBSERVED,[14769800],"[""CHEMBL1761322""]",[14758923],"[""CHEMBL1761322""]",False,True
CCS(=O)(=O)Nc1cccc2c1c(Oc1ccc(Cl)cc1)c(C)n2CC(=O)O,OBSERVED,[14769794],"[""CHEMBL1917459""]",[14758824],"[""CHEMBL1917459""]",False,True
CCS(=O)(=O)c1ccc(-c2cc(C(F)(F)F)ccc2OCC(=O)O)c(C)c1,OBSERVED,[14769696],"[""CHEMBL1778639""]",[14769825],"[""CHEMBL1778639""]",False,True
CCS(=O)(=O)c1ccc(-c2cc(Cl)ccc2OCC(=O)O)c(F)c1,OBSERVED,[14769698],"[""CHEMBL1778644""]",[14769858],"[""CHEMBL1778644""]",False,True
CCS(=O)(=O)c1ccc(Oc2c(C)n(CC(=O)O)c3ccc(C(F)(F)F)cc23)cc1,OBSERVED,[14769796],"[""CHEMBL1917458""]",[14758833],"[""CHEMBL1917458""]",False,True
CC[C@H](C)C(=O)O[C@H]1C[C@H](O)C=C2C=C[C@H](C)[C@H](CC[C@@H](O)C[C@@H](O)CC(=O)O)[C@H]21,OBSERVED,[14769731],"[""CHEMBL1144""]",[14769834],"[""CHEMBL1144""]",False,True
CC[C@H](CO)Nc1nc(SCc2cccc(F)c2F)nc2nc(N)sc12,OBSERVED,[14759838],"[""CHEMBL380732""]",[14764494],"[""CHEMBL380732""]",False,True
CC[C@H](Nc1ncnc2[nH]cnc12)c1nc2cccc(F)c2c(=O)n1-c1ccccc1,OBSERVED,[14759844],"[""CHEMBL2216870""]",[14763245],"[""CHEMBL2216870""]",False,True
CCc1nc2cc(O)ccc2c(Oc2ccc(/C=C/C(=O)O)cc2)c1-c1ccccc1,OBSERVED,[14764291],"[""CHEMBL370492""]",[14761290],"[""CHEMBL370492""]",False,True
CCc1nn(C2CCCC2)c2c1CCn1c(-c3cccs3)nnc1-2,OBSERVED,[14759889],"[""CHEMBL217899""]",[14763251],"[""CHEMBL217899""]",False,True
CCn1cc(C(=O)O)c(=O)c2ccc(C)nc21,OBSERVED,[14758941],"[""CHEMBL5""]",[14758984],"[""CHEMBL5""]",False,True
CN(C)C(=O)C(CCN1CCC(O)(c2ccc(Cl)cc2)CC1)(c1ccccc1)c1ccccc1,OBSERVED,[14762216],"[""CHEMBL841""]",[14764371],"[""CHEMBL841""]",False,True
CN(C)CCCN1c2ccccc2CCc2ccccc21,OBSERVED,[14759867],"[""CHEMBL11""]",[14761385],"[""CHEMBL11""]",False,True
CN(C)CCCN1c2ccccc2Sc2ccc(Cl)cc21,OBSERVED,[14762251],"[""CHEMBL71""]",[14763501],"[""CHEMBL71""]",False,True
CN(C)CCCOc1nn(Cc2ccccc2)c2ccccc12,OBSERVED,[14760011],"[""CHEMBL12610""]",[14762357],"[""CHEMBL12610""]",False,True
CN(C)S(=O)(=O)NC(=O)CCCc1c(-c2ccc(F)cc2)[nH]c2ccc(C#N)cc12,OBSERVED,[14764356],"[""CHEMBL403313""]",[14761158],"[""CHEMBL403313""]",False,True
CN(C)c1nc(Cc2ccc(NC(=O)c3ccc(C(F)(F)F)cc3)cc2)nc(N(C)C)c1CC(=O)O,OBSERVED,[14759772],"[""CHEMBL551813""]",[14769826],"[""CHEMBL551813""]",False,True
CN1C(=O)CN=C(c2ccccc2)c2cc(Cl)ccc21,OBSERVED,[14759920],"[""CHEMBL12""]",[14759874],"[""CHEMBL12""]",False,True
CN1CCN(C2=Nc3cc(Cl)ccc3Nc3ccccc32)CC1,OBSERVED,[14759949],"[""CHEMBL42""]",[14762281],"[""CHEMBL42""]",False,True
CN1CCN(c2nc3ccccc3cc2Cn2nc(-c3ccc4nc(N)sc4c3)c3c(N)ncnc32)CC1,OBSERVED,[14760006],"[""CHEMBL1213118""]",[14765332],"[""CHEMBL1213118""]",False,True
CNC(=C[N+](=O)[O-])NCCSCc1ccc(CN(C)C)o1,OBSERVED,[14769746],"[""CHEMBL1790041""]",[14769833],"[""CHEMBL1790041""]",False,True
CNC1=Nc2ccc(Cl)cc2C(c2ccccc2)=[N+]([O-])C1,OBSERVED,[14758955],"[""CHEMBL451""]",[14759875],"[""CHEMBL451""]",False,True
CNCCCN1c2ccccc2CCc2ccccc21,OBSERVED,[14759954],"[""CHEMBL72""]",[14761250],"[""CHEMBL72""]",False,True
COC(=O)C1=C(C)NC(C)=C(C(=O)OC)C1c1ccccc1[N+](=O)[O-],OBSERVED,[14763257],"[""CHEMBL193""]",[14766487],"[""CHEMBL193""]",False,True
COC[C@@H](O)Cn1c(=O)cnn(-c2ccc(Cl)c(C(=O)NCC3(O)CCCCCC3)c2)c1=O,OBSERVED,[14769707],"[""CHEMBL1779512""]",[14760001],"[""CHEMBL1779512""]",False,True
COc1cc(-n2cnc3cc(-c4ccc(Cl)cc4)sc3c2=O)ccc1OC[C@H](OP(=O)(O)O)C1CC1,OBSERVED,[14761338],"[""CHEMBL2147475""]",[14769860],"[""CHEMBL2147475""]",False,True
COc1cc2c(cc1-c1c(C)noc1C)ncc1[nH]c(=O)n([C@H](C)c3ccccn3)c12,OBSERVED,[14758929],"[""CHEMBL2017291""]",[14760008],"[""CHEMBL2017291""]",False,True
COc1ccc(CCN(C)CCCC(C#N)(c2ccc(OC)c(OC)c2)C(C)C)cc1OC,OBSERVED,[14763327],"[""CHEMBL6966""]",[14765524],"[""CHEMBL6966""]",False,True
COc1ccc(CNC(=O)CSc2nc3cccnc3s2)cc1,OBSERVED,[14764482],"[""CHEMBL1575409""]",[14766544],"[""CHEMBL1575409""]",False,True
COc1ccc(C[C@@H](C)NC[C@H](O)c2ccc(O)c(NC=O)c2)cc1,OBSERVED,[14758957],"[""CHEMBL1363""]",[14761168],"[""CHEMBL1363""]",False,True
COc1ccc(Cl)cc1C(=O)NCCc1ccc(S(=O)(=O)NC(=O)NC2CCCCC2)cc1,OBSERVED,[14762249],"[""CHEMBL472""]",[14763250],"[""CHEMBL472""]",False,True
COc1ccc([C@@H]2Sc3ccccc3N(CCN(C)C)C(=O)[C@@H]2OC(C)=O)cc1,OBSERVED,[14761195],"[""CHEMBL23""]",[14764354],"[""CHEMBL23""]",False,True
COc1cccc(Nc2c(C(N)=O)cnc3c(C)cc(S(=O)(=O)c4cccc(C(=O)N(C)C)c4)cc23)c1,OBSERVED,[14762429],"[""CHEMBL570015""]",[14766493],"[""CHEMBL570015""]",False,True
COc1cccc2c1c(NS(=O)(=O)c1ccc(Cl)s1)nn2Cc1cccc(CNC(=O)C(C)(C)O)c1,OBSERVED,[14764307],"[""CHEMBL2018969""]",[14764395],"[""CHEMBL2018969""]",False,True
COc1cccc2c1c(NS(=O)(=O)c1ccc(Cl)s1)nn2Cc1cccc(CNC(=O)[C@@H]2COCCN2)c1,OBSERVED,[14762423],"[""CHEMBL2326624""]",[14764310],"[""CHEMBL2326624""]",False,True
COc1cccc2c1c(NS(=O)(=O)c1ccc(Cl)s1)nn2Cc1cccc(CNC(=O)[C@H]2COCCN2)c1,OBSERVED,[14762301],"[""CHEMBL2326623""]",[14764469],"[""CHEMBL2326623""]",False,True
COc1cccc2c1c(NS(=O)(=O)c1ccc(Cl)s1)nn2Cc1cccc(CNC(C)=O)c1,OBSERVED,[14766469],"[""CHEMBL2018964""]",[14764357],"[""CHEMBL2018964""]",False,True
COc1ccccc1OCCNCC(O)COc1cccc2[nH]c3ccccc3c12,OBSERVED,[14763329],"[""CHEMBL723""]",[14764325],"[""CHEMBL723""]",False,True
COc1ccccc1Oc1c(NS(=O)(=O)c2ccc(C(C)(C)C)cc2)nc(-c2ncccn2)nc1OCCO,OBSERVED,[14759788],"[""CHEMBL957""]",[14762282],"[""CHEMBL957""]",False,True
COc1ccnc(CCc2nc3c(C)ccnc3[nH]2)c1,OBSERVED,[14769755],"[""CHEMBL1800528""]",[14758740],"[""CHEMBL1800528""]",False,True
COc1ccnc(CCc2nc3cc(Br)cnc3[nH]2)c1,OBSERVED,[14758927],"[""CHEMBL1800526""]",[14763273],"[""CHEMBL1800526""]",False,True
C[C@@H](c1ccc(-c2ccc(F)cc2F)cc1)N1CC[C@](CCO)(c2ccc(F)cc2)OC1=O,OBSERVED,[14758950],"[""CHEMBL1829763""]",[14762244],"[""CHEMBL1829763""]",False,True
C[C@H](CO)Nc1nc(SCc2cccc(Cl)c2F)nc2[nH]c(=O)sc12,OBSERVED,[14762407],"[""CHEMBL403225""]",[14761150],"[""CHEMBL403225""]",False,True
C[C@H](CO)Nc1nc(SCc2cccc(F)c2F)nc2[nH]c(=O)cnc12,OBSERVED,[14763268],"[""CHEMBL256668""]",[14759923],"[""CHEMBL256668""]",False,True
C[C@H](CO)Nc1nc(SCc2cccc(F)c2F)nc2[nH]ncc12,OBSERVED,[14762350],"[""CHEMBL257025""]",[14762232],"[""CHEMBL257025""]",False,True
C[C@H](CO)Nc1nc(SCc2ccccc2)nc2[nH]c(=O)sc12,OBSERVED,[14762398],"[""CHEMBL402986""]",[14758973],"[""CHEMBL402986""]",False,True
C[C@H](CO)Nc1nc(SCc2ccccc2F)nc2[nH]c(=O)sc12,OBSERVED,[14763401],"[""CHEMBL271012""]",[14769803],"[""CHEMBL271012""]",False,True
C[C@H](CO)Nc1nc(SCc2ccccc2F)nc2nc(N)sc12,OBSERVED,[14759870],"[""CHEMBL232846""]",[14761134],"[""CHEMBL232846""]",False,True
C[C@H](CO)Nc1nc(SCc2ccco2)nc2[nH]c(=O)sc12,OBSERVED,[14763351],"[""CHEMBL272705""]",[14761135],"[""CHEMBL272705""]",False,True
C[C@H](Cc1cccc(CC(=O)NC23CC4CC(CC(C4)C2)C3)c1)NC[C@H](O)c1ccc(O)c(CO)c1,OBSERVED,[14763247],"[""CHEMBL402501""]",[14765531],"[""CHEMBL402501""]",False,True
C[C@H](Nc1nc(Nc2cc(C3CC3)[nH]n2)cnc1C#N)c1ccc(F)cn1,OBSERVED,[14760019],"[""CHEMBL578194""]",[14762345],"[""CHEMBL578194""]",False,True
C[C@H](Oc1ccc(Cl)cc1CN1CCN(C(=O)Cc2ccc(Cl)cc2)[C@@H](C)C1)C(=O)O,OBSERVED,[14759782],"[""CHEMBL1689133""]",[14758773],"[""CHEMBL1689133""]",False,True
C[C@H](c1nc2ncccc2c(=O)n1-c1ccc(Cl)cc1)N(CC1CCS(=O)(=O)CC1)C(=O)Cc1ccc(C(F)(F)F)c(F)c1,OBSERVED,[14759834],"[""CHEMBL1939560""]",[14759847],"[""CHEMBL1939560""]",False,True
C[C@H]1CN(Cc2cc(Cl)ccc2CC(=O)O)CCN1C(=O)Cc1ccc(Cl)cc1,OBSERVED,[14762209],"[""CHEMBL1689135""]",[14758864],"[""CHEMBL1689135""]",False,True
C[C@H]1CN(Cc2cc(Cl)ccc2CC(=O)O)CCN1S(=O)(=O)Cc1ccccc1,OBSERVED,[14761151],"[""CHEMBL1689137""]",[14758852],"[""CHEMBL1689137""]",False,True
C[C@H]1CN(Cc2cc(Cl)ccc2OCC(=O)O)CCN1C(=O)Cc1ccc(Cl)cc1,OBSERVED,[14769783],"[""CHEMBL1689128""]",[14769849],"[""CHEMBL1689128""]",False,True
C[C@H]1CN(Cc2cc(Cl)ccc2OCC(=O)O)CCN1C(=O)Cc1ccc(F)cc1,OBSERVED,[14769789],"[""CHEMBL1689127""]",[14769877],"[""CHEMBL1689127""]",False,True
C[C@H]1CN(Cc2cc(Cl)ccc2OCC(=O)O)CCN1C(=O)Cc1ccccc1,OBSERVED,[14769697],"[""CHEMBL1689126""]",[14769842],"[""CHEMBL1689126""]",False,True
C[C@H]1CN(Cc2cc(Cl)ccc2OCC(=O)O)CCN1S(=O)(=O)c1ccccc1,OBSERVED,[14769792],"[""CHEMBL1689119""]",[14759819],"[""CHEMBL1689119""]",False,True
C[C@]12CCC(=O)C=C1C=C[C@@H]1[C@@H]2CC[C@@]2(C)[C@H]1CC[C@@]21CCC(=O)O1,OBSERVED,[14759941],"[""CHEMBL1463345""]",[14762253],"[""CHEMBL1463345""]",False,True
C[N+]1(C)[C@@H]2C[C@@H](OC(=O)C(O)(c3cccs3)c3cccs3)C[C@H]1[C@@H]1O[C@@H]12,OBSERVED,[14769740],"[""CHEMBL1900528""]",[14769818],"[""CHEMBL1900528""]",False,True
Cc1c(-c2ccc(O)cc2)n(Cc2ccc(OCCN3CCCCCC3)cc2)c2ccc(O)cc12,OBSERVED,[14762349],"[""CHEMBL46740""]",[14764289],"[""CHEMBL46740""]",False,True
Cc1c(C)c2c(c(C)c1O)CCC(C)(COc1ccc(CC3SC(=O)NC3=O)cc1)O2,OBSERVED,[14763375],"[""CHEMBL408""]",[14764391],"[""CHEMBL408""]",False,True
Cc1c(CC(=O)O)c2cc(F)ccc2n1S(=O)(=O)c1ccc(S(C)(=O)=O)cc1,OBSERVED,[14760015],"[""CHEMBL196707""]",[14759805],"[""CHEMBL196707""]",False,True
Cc1c(Cc2ccc3ccccc3n2)c2cc(F)ccc2n1CC(=O)O,OBSERVED,[14758992],"[""CHEMBL560993""]",[14769827],"[""CHEMBL560993""]",False,True
Cc1c(F)cc(C(=O)NC2CC2)cc1-c1ccc(C(=O)NCC(C)(C)C)cn1,OBSERVED,[14758952],"[""CHEMBL1088752""]",[14759955],"[""CHEMBL1088752""]",False,True
Cc1c(OC2CCN(CC3CCN([C@@H](Cc4ccc(F)cc4)C(=O)O)CC3)CC2)ccc(C#N)c1Cl,OBSERVED,[14769785],"[""CHEMBL2158785""]",[14759863],"[""CHEMBL2158785""]",False,True
Cc1c(Oc2ccc(Cl)cc2)c2c(NS(C)(=O)=O)cccc2n1CC(=O)O,OBSERVED,[14769757],"[""CHEMBL1917456""]",[14758765],"[""CHEMBL1917456""]",False,True
Cc1c(S(=O)(=O)c2ccc(Cl)cc2)c2c(NS(C)(=O)=O)cccc2n1CC(=O)O,OBSERVED,[14769759],"[""CHEMBL1917450""]",[14758820],"[""CHEMBL1917450""]",False,True
Cc1cc(-c2ccc(Cl)c(C(=O)NCC3(O)CCCCCC3)c2)nn1C[C@H](O)CN,OBSERVED,[14769787],"[""CHEMBL1852508""]",[14769871],"[""CHEMBL1852508""]",False,True
Cc1cc(F)ccc1-n1nc(C(F)(F)F)cc1-c1ccc2c(c1)NC(=O)CO2,OBSERVED,[14761257],"[""CHEMBL1929039""]",[14762252],"[""CHEMBL1929039""]",False,True
Cc1cc(F)ccc1OC1CCN(CC2CCN([C@@](C)(Cc3ccc(F)cc3)C(=O)O)CC2)CC1,OBSERVED,[14769714],"[""CHEMBL2158793""]",[14769836],"[""CHEMBL2158793""]",False,True
Cc1cc(OC2CCN(CC3CCN([C@@](C)(Cc4ccc(F)cc4)C(=O)O)CC3)CC2)ccc1Cl,OBSERVED,[14769778],"[""CHEMBL2158792""]",[14769837],"[""CHEMBL2158792""]",False,True
Cc1cc(OCCCS(C)(=O)=O)cc(C)c1-c1cccc(COc2ccc3c(c2)OC[C@H]3CC(=O)O)c1,OBSERVED,[14759843],"[""CHEMBL1829174""]",[14759862],"[""CHEMBL1829174""]",False,True
Cc1ccc(-n2nc(C(C)(C)C)cc2NC(=O)Nc2ccc(OCCN3CCOCC3)c3ccccc23)cc1,OBSERVED,[14764340],"[""CHEMBL103667""]",[14765516],"[""CHEMBL103667""]",False,True
Cc1ccc(C(=O)c2ccc(CC(=O)O)n2C)cc1,OBSERVED,[14761187],"[""CHEMBL1020""]",[14758972],"[""CHEMBL1020""]",False,True
Cc1ccc(C)c(OCCCC(C)(C)C(=O)O)c1,OBSERVED,[14764528],"[""CHEMBL457""]",[14763394],"[""CHEMBL457""]",False,True
Cc1ccc(N2CC(COc3ccc(-c4noc(C)n4)cc3)C2)nn1,OBSERVED,[14763332],"[""CHEMBL1835918""]",[14763330],"[""CHEMBL1835918""]",False,True
Cc1ccc(S(=O)(=O)Nc2c(C(=O)N[C@@H](C)C(C)(C)C)c(C)nn2-c2ccccc2)cc1,OBSERVED,[14759958],"[""CHEMBL1916282""]",[14764305],"[""CHEMBL1916282""]",False,True
Cc1ccc2c(c1)c(Sc1ccc(S(C)(=O)=O)cc1)c(C)n2CC(=O)O,OBSERVED,[14769758],"[""CHEMBL1917443""]",[14758787],"[""CHEMBL1917443""]",False,True
Cc1cnc(Nc2ccc(F)cc2Cl)nc1-c1c[nH]c(C(=O)N[C@H](CO)c2cccc(Cl)c2)c1,OBSERVED,[14761145],"[""CHEMBL583042""]",[14763311],"[""CHEMBL583042""]",False,True
Cc1nc(-c2ccc(OCC(C)C)c(C#N)c2)sc1C(=O)O,OBSERVED,[14759965],"[""CHEMBL1164729""]",[14758721],"[""CHEMBL1164729""]",False,True
Cc1nc(CSc2nc(N[C@H](C)CO)c3sc(=O)[nH]c3n2)cs1,OBSERVED,[14758930],"[""CHEMBL402728""]",[14758786],"[""CHEMBL402728""]",False,True
Cc1nccn1CC1CCc2c(c3ccccc3n2C)C1=O,OBSERVED,[14769741],"[""CHEMBL46""]",[14759937],"[""CHEMBL46""]",False,True
Cc1nn(-c2ccc(F)cc2)c(NS(=O)(=O)c2ccc(C#N)cc2)c1C(=O)N[C@@H](C)C(C)(C)C,OBSERVED,[14769705],"[""CHEMBL1916288""]",[14759811],"[""CHEMBL1916288""]",False,True
Cc1nn(-c2ccc(F)cc2)c(NS(=O)(=O)c2ccc(C(F)(F)F)cc2)c1C(=O)N[C@@H](C)C(C)(C)C,OBSERVED,[14769701],"[""CHEMBL1916289""]",[14761228],"[""CHEMBL1916289""]",False,True
Cc1nn(-c2ccccc2)c(NC(=O)NS(=O)(=O)c2ccc(Cl)cc2)c1C#N,OBSERVED,[14769727],"[""CHEMBL1204759""]",[14769889],"[""CHEMBL1204759""]",False,True
Cc1nn(C2CCOCC2)c(NS(=O)(=O)c2ccc(C3CC3)cc2)c1C(=O)N[C@@H](C)C(C)(C)C,OBSERVED,[14769779],"[""CHEMBL1934426""]",[14769840],"[""CHEMBL1934426""]",False,True
Cc1noc(C)c1-c1ccc(CNS(=O)(=O)c2c(C)noc2C)cc1,OBSERVED,[14762393],"[""CHEMBL1645392""]",[14764483],"[""CHEMBL1645392""]",False,True
Clc1ccccc1CN1CCc2sccc2C1,OBSERVED,[14764457],"[""CHEMBL833""]",[14763475],"[""CHEMBL833""]",False,True
Cn1c(=O)c2nc[nH]c2n(C)c1=O.O,OBSERVED,[14769704],"[""CHEMBL1355736""]",[14759791],"[""CHEMBL1355736""]",False,True
N#CC1(NC(=O)[C@@H]2CCCC[C@H]2C(=O)N2CCN(c3nc4ccncc4s3)CC2)CC1,OBSERVED,[14759793],"[""CHEMBL2070950""]",[14762355],"[""CHEMBL2070950""]",False,True
N#CCC(CNc1ncc(C(F)(F)F)cc1Cl)OC(=O)c1c(F)cccc1F,OBSERVED,[14766483],"[""CHEMBL1874317""]",[14766562],"[""CHEMBL1874317""]",False,True
N#Cc1ccc(C[C@@H](C(=O)O)N2CCC(CN3CCC(Oc4ccc(Cl)c(Cl)c4)CC3)CC2)cc1,OBSERVED,[14769776],"[""CHEMBL2158771""]",[14769828],"[""CHEMBL2158771""]",False,True
N#Cc1ccc(OC2CCN(C[C@H](O)CNC(=O)c3c[nH]c(=O)c4ccccc34)CC2)cc1Cl,OBSERVED,[14769722],"[""CHEMBL2207669""]",[14762466],"[""CHEMBL2207669""]",False,True
N#Cc1cccc(-c2cc(C(F)(F)F)ccc2OCC(=O)O)c1,OBSERVED,[14769782],"[""CHEMBL1778628""]",[14769846],"[""CHEMBL1778628""]",False,True
N=C(N)NC(=O)c1nc(Cl)c(N)nc1N,OBSERVED,[14769784],"[""CHEMBL945""]",[14769865],"[""CHEMBL945""]",False,True
NC(=O)C(c1ccccc1)(c1ccccc1)[C@@H]1CCN(CCc2ccc3c(c2)CCO3)C1,OBSERVED,[14759829],"[""CHEMBL1346""]",[14761199],"[""CHEMBL1346""]",False,True
NC(=O)N1c2ccccc2C=Cc2ccccc21,OBSERVED,[14759845],"[""CHEMBL108""]",[14759966],"[""CHEMBL108""]",False,True
NC(=O)NC(=O)C(Nc1ccc2c(c1)CCC2)c1ccccc1,OBSERVED,[14762215],"[""CHEMBL1734492""]",[14763358],"[""CHEMBL1734492""]",False,True
NS(=O)(=O)c1cc(C(=O)O)c(NCc2ccco2)cc1Cl,OBSERVED,[14769747],"[""CHEMBL35""]",[14759930],"[""CHEMBL35""]",False,True
Nc1c2c(nc3ccccc13)CCCC2,OBSERVED,[14762218],"[""CHEMBL95""]",[14763410],"[""CHEMBL95""]",False,True
O=C(CC1CCCCCC1)Nc1cccc2c(=O)n([C@H]3CCNC3)ccc12,OBSERVED,[14758940],"[""CHEMBL552512""]",[14769805],"[""CHEMBL552512""]",False,True
O=C(CO)N1CCC(c2[nH]nc(-c3ccc(Cl)cc3F)c2-c2ccncn2)CC1,OBSERVED,[14769786],"[""CHEMBL1614705""]",[14769870],"[""CHEMBL1614705""]",False,True
O=C(Cc1ccc(Cl)c(C(F)(F)F)c1)Nc1cccc2c(=O)n(CCO)ccc12,OBSERVED,[14763431],"[""CHEMBL560219""]",[14769881],"[""CHEMBL560219""]",False,True
O=C(NCC1(O)CCCCCC1)c1cc(-n2ncc(=O)[nH]c2=O)ccc1Cl,OBSERVED,[14769788],"[""CHEMBL560423""]",[14769876],"[""CHEMBL560423""]",False,True
O=C(NCC12CC3CC(CC(C3)C1)C2)c1cc(-n2ncc(=O)[nH]c2=O)ccc1Cl,OBSERVED,[14763497],"[""CHEMBL551170""]",[14765386],"[""CHEMBL551170""]",False,True
O=C(NCC12CC3CC(CC(C3)C1)C2)c1cc(CN2CCNCC2)ccc1Cl,OBSERVED,[14759771],"[""CHEMBL235789""]",[14762361],"[""CHEMBL235789""]",False,True
O=C(Nc1cc(-c2ccnc(Nc3ccc(F)cc3)c2)ccn1)C1CCOCC1,OBSERVED,[14762262],"[""CHEMBL205078""]",[14759914],"[""CHEMBL205078""]",False,True
O=C(Nc1cc(-c2ccnc(Nc3ccccc3)c2)ccn1)C1CCOCC1,OBSERVED,[14762312],"[""CHEMBL203059""]",[14761349],"[""CHEMBL203059""]",False,True
O=C(Nc1nc2ccccc2s1)c1ccccc1,OBSERVED,[14765364],"[""CHEMBL1427959""]",[14766564],"[""CHEMBL1427959""]",False,True
O=C(O)CCc1ccc(OCc2cc(Cl)ccc2-c2ccccc2)cc1,OBSERVED,[14762458],"[""CHEMBL2058529""]",[14758797],"[""CHEMBL2058529""]",False,True
O=C(O)CCc1ccc(OCc2cccc(Br)c2)cc1,OBSERVED,[14765528],"[""CHEMBL1773254""]",[14758865],"[""CHEMBL1773254""]",False,True
O=C(O)CCc1ccc(OCc2cccc(Oc3ccccc3)c2)cc1,OBSERVED,[14766470],"[""CHEMBL1688458""]",[14759795],"[""CHEMBL1688458""]",False,True
O=C(O)CCc1nc(-c2ccccc2)c(-c2ccccc2)o1,OBSERVED,[14759936],"[""CHEMBL1071""]",[14758723],"[""CHEMBL1071""]",False,True
O=C(O)CCn1c2c(c3ccccc31)C[C@H](NS(=O)(=O)c1ccc(F)cc1)CC2,OBSERVED,[14758953],"[""CHEMBL361812""]",[14769845],"[""CHEMBL361812""]",False,True
O=C(O)COc1ccc(C(F)(F)F)cc1CN1CCN(S(=O)(=O)c2ccccc2)CC1,OBSERVED,[14769797],"[""CHEMBL1689110""]",[14759934],"[""CHEMBL1689110""]",False,True
O=C(O)COc1ccc(Cl)cc1CN1CCN(S(=O)(=O)Cc2ccccc2)CC1,OBSERVED,[14769709],"[""CHEMBL1689111""]",[14759806],"[""CHEMBL1689111""]",False,True
O=C(O)COc1ccc(Cl)cc1CN1CCN(S(=O)(=O)c2ccc(F)cc2)CC1,OBSERVED,[14769780],"[""CHEMBL1689117""]",[14761271],"[""CHEMBL1689117""]",False,True
O=C(O)COc1ccc(Cl)cc1CN1CCN(S(=O)(=O)c2ccccc2)CC1,OBSERVED,[14769781],"[""CHEMBL1689109""]",[14758945],"[""CHEMBL1689109""]",False,True
O=C(O)C[C@H](O)C[C@H](O)/C=C/c1c(C2CC2)nc2ccccc2c1-c1ccc(F)cc1,OBSERVED,[14762256],"[""CHEMBL1201753""]",[14769848],"[""CHEMBL1201753""]",False,True
O=C(O)C[C@H]1CC[C@H](c2ccc(-c3ccc(Nc4ccc(C(F)(F)F)nc4)cn3)cc2)CC1,OBSERVED,[14769718],"[""CHEMBL2364624""]",[14758801],"[""CHEMBL2364624""]",False,True
O=C(O)Cc1cccc(N2CCC(CN3CCC(Oc4ccc(Cl)c(Cl)c4)CC3)CC2)c1,OBSERVED,[14769791],"[""CHEMBL2158826""]",[14758767],"[""CHEMBL2158826""]",False,True
O=C(O)Cc1ccccc1Nc1c(Cl)cccc1Cl,OBSERVED,[14765402],"[""CHEMBL139""]",[14764532],"[""CHEMBL139""]",False,True
O=C(O)[C@H](Cc1ccccc1F)N1CCC(CN2CCC(Oc3ccc(Cl)c(Cl)c3)CC2)CC1,OBSERVED,[14769756],"[""CHEMBL2158839""]",[14758978],"[""CHEMBL2158839""]",False,True
O=C(O[C@H]1C[N+]2(CCCOc3ccccc3)CCC1CC2)C(O)(c1cccs1)c1cccs1,OBSERVED,[14764504],"[""CHEMBL1194325""]",[14765551],"[""CHEMBL1194325""]",False,True
O=C1CC2(CCCC2)CC(=O)N1CCCCN1CCN(c2ncccn2)CC1,OBSERVED,[14764292],"[""CHEMBL49""]",[14765494],"[""CHEMBL49""]",False,True
O=C1COC2(CCN(S(=O)(=O)c3ccc(-c4ccc5cccnc5c4)cc3)CC2)CN1C1CC1,OBSERVED,[14761188],"[""CHEMBL2147032""]",[14764458],"[""CHEMBL2147032""]",False,True
O=C1COC2(CCN(S(=O)(=O)c3ccc(-c4ccc5cnccc5c4)cc3)CC2)CN1C1CC1,OBSERVED,[14766480],"[""CHEMBL2147033""]",[14765493],"[""CHEMBL2147033""]",False,True
O=C1Nc2ccc(Cl)cc2C(c2ccccc2Cl)=NC1O,OBSERVED,[14759776],"[""CHEMBL580""]",[14760021],"[""CHEMBL580""]",False,True
O=S(=O)(c1cccc2cnccc12)N1CCCNCC1,OBSERVED,[14766475],"[""CHEMBL38380""]",[14761236],"[""CHEMBL38380""]",False,True
O=S(=O)(c1ccccc1)N(CC(F)(F)F)c1ccc(C(O)(C(F)(F)F)C(F)(F)F)cc1,OBSERVED,[14759852],"[""CHEMBL62136""]",[14758722],"[""CHEMBL62136""]",False,True
O=c1[nH]c2c(O)ccc(CCNCCS(=O)(=O)CCCOCCc3ccccc3)c2s1,OBSERVED,[14764334],"[""CHEMBL82663""]",[14765481],"[""CHEMBL82663""]",False,True
O=c1[nH]c2c(O)ccc([C@@H](O)CNCCCOCCOCCc3ccccc3)c2s1,OBSERVED,[14769738],"[""CHEMBL1807821""]",[14761169],"[""CHEMBL1807821""]",False,True
O=c1[nH]c2c(O)ccc([C@@H](O)CNCCCSCCOCCc3cccc4ccccc34)c2s1,OBSERVED,[14762257],"[""CHEMBL1807820""]",[14765322],"[""CHEMBL1807820""]",False,True
O=c1[nH]c2c(O)ccc([C@@H](O)CNCCSCCCNCCc3cccc(Cl)c3)c2s1,OBSERVED,[14769706],"[""CHEMBL1807827""]",[14760031],"[""CHEMBL1807827""]",False,True
O=c1[nH]c2c(O)ccc([C@@H](O)CNCCSCCCNCCc3cccc(Cl)c3Cl)c2s1,OBSERVED,[14769726],"[""CHEMBL1807829""]",[14761251],"[""CHEMBL1807829""]",False,True
O=c1[nH]c2c(O)ccc([C@@H](O)CNCCSCCCNCCc3ccccc3)c2s1,OBSERVED,[14769708],"[""CHEMBL1807823""]",[14759804],"[""CHEMBL1807823""]",False,True
O=c1[nH]c2c(O)ccc([C@@H](O)CNCCc3cccc(CNCCc4c(Cl)cccc4Cl)c3)c2s1,OBSERVED,[14759839],"[""CHEMBL1947157""]",[14764497],"[""CHEMBL1947157""]",False,True
O=c1[nH]c2c(O)ccc([C@@H](O)CNCCc3cccc(CNCCc4ccccc4F)c3)c2s1,OBSERVED,[14769728],"[""CHEMBL1944691""]",[14762328],"[""CHEMBL1944691""]",False,True
O=c1[nH]c2c(O)ccc([C@@H](O)CNCCc3cccc(CNCCc4ccccn4)c3)c2s1,OBSERVED,[14769712],"[""CHEMBL1945033""]",[14763300],"[""CHEMBL1945033""]",False,True
O=c1[nH]c2cc(Cl)ccc2o1,OBSERVED,[14761265],"[""CHEMBL1371""]",[14763402],"[""CHEMBL1371""]",False,True
O=c1c2sccc2n(CC2COc3ccccc3O2)c(=O)n1O,OBSERVED,[14765537],"[""CHEMBL361546""]",[14758807],"[""CHEMBL361546""]",False,True
OC(c1ccc(-c2ccc(CN3CCN(Cc4ccncc4)CC3)cc2)c(F)c1)(C(F)(F)F)C(F)(F)F,OBSERVED,[14761154],"[""CHEMBL2137199""]",[14764390],"[""CHEMBL2137199""]",False,True
