Chain_ID,Residue_Number,Residue_Name,Atom_Name,SASA (nm^2)
A,1034,ALA,N,0.19023885
A,1034,ALA,CA,0.08554034
A,1034,ALA,C,0.0
A,1034,ALA,O,0.0
A,1034,ALA,CB,0.021385085
A,1035,MET,N,0.0022783095
A,1035,MET,CA,0.0050317845
A,1035,MET,C,0.0
A,1035,MET,O,0.1819248
A,1035,MET,CB,0.13585818
A,1035,MET,CG,0.070444986
A,1035,MET,SD,0.47986782
A,1035,MET,CE,0.18869191
A,1036,THR,N,0.0
A,1036,THR,CA,0.026416868
A,1036,THR,C,0.0
A,1036,THR,O,0.0
A,1036,THR,CB,0.11698899
A,1036,THR,OG1,0.06361788
A,1036,THR,CG2,0.47047186
A,1037,ASP,N,0.034174643
A,1037,ASP,CA,0.0025158923
A,1037,ASP,C,0.0
A,1037,ASP,O,0.014509341
A,1037,ASP,CB,0.115731046
A,1037,ASP,CG,0.07170293
A,1037,ASP,OD1,0.4955498
A,1037,ASP,OD2,0.029018681
A,1038,ASP,N,0.03075718
A,1038,ASP,CA,0.0
A,1038,ASP,C,0.0012579461
A,1038,ASP,O,0.011161031
A,1038,ASP,CB,0.15850121
A,1038,ASP,CG,0.050317846
A,1038,ASP,OD1,0.47099552
A,1038,ASP,OD2,0.2834902
A,1039,ASP,N,0.0
A,1039,ASP,CA,0.011321515
A,1039,ASP,C,0.0
A,1039,ASP,O,0.04241192
A,1039,ASP,CB,0.027674815
A,1039,ASP,CG,0.047801953
A,1039,ASP,OD1,0.34710807
A,1039,ASP,OD2,0.16518326
A,1040,LEU,N,0.0
A,1040,LEU,CA,0.0
A,1040,LEU,C,0.0
A,1040,LEU,O,0.0
A,1040,LEU,CB,0.023900976
A,1040,LEU,CG,0.0
A,1040,LEU,CD1,0.010063569
A,1040,LEU,CD2,0.0
A,1041,ARG,N,0.0
A,1041,ARG,CA,0.0025158923
A,1041,ARG,C,0.015095353
A,1041,ARG,O,0.20089857
A,1041,ARG,CB,0.12202077
A,1041,ARG,CG,0.023900976
A,1041,ARG,CD,0.060381413
A,1041,ARG,NE,0.08087999
A,1041,ARG,CZ,0.008805623
A,1041,ARG,NH1,0.15720336
A,1041,ARG,NH2,0.31668502
A,1042,ALA,N,0.009113238
A,1042,ALA,CA,0.08679828
A,1042,ALA,C,0.012579462
A,1042,ALA,O,0.3884039
A,1042,ALA,CB,0.4226699
A,1043,ALA,N,0.0022783095
A,1043,ALA,CA,0.052833736
A,1043,ALA,C,0.027674815
A,1043,ALA,O,0.09821708
A,1043,ALA,CB,0.11069926
A,1044,GLY,N,0.006834929
A,1044,GLY,CA,0.25158924
A,1044,GLY,C,0.02264303
A,1044,GLY,O,0.22991724
A,1045,VAL,N,0.0
A,1045,VAL,CA,0.0
A,1045,VAL,C,0.0012579461
A,1045,VAL,O,0.034599196
A,1045,VAL,CB,0.0
A,1045,VAL,CG1,0.0025158923
A,1045,VAL,CG2,0.0
A,1046,ASP,N,0.02164394
A,1046,ASP,CA,0.015095353
A,1046,ASP,C,0.0
A,1046,ASP,O,0.02455427
A,1046,ASP,CB,0.12202077
A,1046,ASP,CG,0.0
A,1046,ASP,OD1,0.1439773
A,1046,ASP,OD2,0.033483095
A,1047,ARG,N,0.02392225
A,1047,ARG,CA,0.0
A,1047,ARG,C,0.0
A,1047,ARG,O,0.0
A,1047,ARG,CB,0.0
A,1047,ARG,CG,0.07170293
A,1047,ARG,CD,0.037738383
A,1047,ARG,NE,0.004556619
A,1047,ARG,CZ,0.046544008
A,1047,ARG,NH1,0.28934532
A,1047,ARG,NH2,0.18796054
A,1048,ARG,N,0.0
A,1048,ARG,CA,0.015095353
A,1048,ARG,C,0.011321515
A,1048,ARG,O,0.008928825
A,1048,ARG,CB,0.098119795
A,1048,ARG,CG,0.210077
A,1048,ARG,CD,0.27674815
A,1048,ARG,NE,0.0
A,1048,ARG,CZ,0.050317846
A,1048,ARG,NH1,0.4260439
A,1048,ARG,NH2,0.22099602
A,1049,VAL,N,0.0
A,1049,VAL,CA,0.044028115
A,1049,VAL,C,0.0
A,1049,VAL,O,0.011161031
A,1049,VAL,CB,0.021385085
A,1049,VAL,CG1,0.2943594
A,1049,VAL,CG2,0.35096696
A,1050,PRO,N,0.0
A,1050,PRO,CA,0.0
A,1050,PRO,C,0.0
A,1050,PRO,O,0.0
A,1050,PRO,CB,0.0
A,1050,PRO,CG,0.0
A,1050,PRO,CD,0.015095353
A,1051,GLU,N,0.0
A,1051,GLU,CA,0.0
A,1051,GLU,C,0.0
A,1051,GLU,O,0.06361788
A,1051,GLU,CB,0.03899633
A,1051,GLU,CG,0.0
A,1051,GLU,CD,0.0
A,1051,GLU,OE1,0.16741547
A,1051,GLU,OE2,0.0
A,1052,GLN,N,0.0
A,1052,GLN,CA,0.0037738383
A,1052,GLN,C,0.0075476766
A,1052,GLN,O,0.079243325
A,1052,GLN,CB,0.18743397
A,1052,GLN,CG,0.14214791
A,1052,GLN,CD,0.05157579
A,1052,GLN,OE1,0.29688343
A,1052,GLN,NE2,0.49553233
A,1053,LYS,N,0.0
A,1053,LYS,CA,0.0025158923
A,1053,LYS,C,0.0
A,1053,LYS,O,0.0033483095
A,1053,LYS,CB,0.0012579461
A,1053,LYS,CG,0.0
A,1053,LYS,CD,0.10189363
A,1053,LYS,CE,0.25787896
A,1053,LYS,NZ,0.49667147
A,1054,LEU,N,0.0
A,1054,LEU,CA,0.0
A,1054,LEU,C,0.0
A,1054,LEU,O,0.008928825
A,1054,LEU,CB,0.0
A,1054,LEU,CG,0.0
A,1054,LEU,CD1,0.0012579461
A,1054,LEU,CD2,0.037738383
A,1055,GLY,N,0.0011391548
A,1055,GLY,CA,0.21510878
A,1055,GLY,C,0.028932761
A,1055,GLY,O,0.015625443
A,1056,ALA,N,0.014809012
A,1056,ALA,CA,0.040254276
A,1056,ALA,C,0.0
A,1056,ALA,O,0.040179715
A,1056,ALA,CB,0.33083984
A,1057,ALA,N,0.0
A,1057,ALA,CA,0.0
A,1057,ALA,C,0.0
A,1057,ALA,O,0.0
A,1057,ALA,CB,0.013837407
A,1058,ILE,N,0.0
A,1058,ILE,CA,0.0
A,1058,ILE,C,0.0
A,1058,ILE,O,0.0
A,1058,ILE,CB,0.0037738383
A,1058,ILE,CG1,0.006289731
A,1058,ILE,CG2,0.059123468
A,1058,ILE,CD1,0.030190706
A,1059,ASP,N,0.0
A,1059,ASP,CA,0.0050317845
A,1059,ASP,C,0.010063569
A,1059,ASP,O,0.068082295
A,1059,ASP,CB,0.16604888
A,1059,ASP,CG,0.059123468
A,1059,ASP,OD1,0.32925043
A,1059,ASP,OD2,0.40737766
A,1060,GLU,N,0.004556619
A,1060,GLU,CA,0.0037738383
A,1060,GLU,C,0.0
A,1060,GLU,O,0.0
A,1060,GLU,CB,0.0
A,1060,GLU,CG,0.0
A,1060,GLU,CD,0.0
A,1060,GLU,OE1,0.23326556
A,1060,GLU,OE2,0.012277135
A,1061,PHE,N,0.0
A,1061,PHE,CA,0.0012579461
A,1061,PHE,C,0.0
A,1061,PHE,O,0.0
A,1061,PHE,CB,0.0
A,1061,PHE,CG,0.0
A,1061,PHE,CD1,0.0
A,1061,PHE,CD2,0.0
A,1061,PHE,CE1,0.0
A,1061,PHE,CE2,0.0
A,1061,PHE,CZ,0.0
A,1062,ALA,N,0.0
A,1062,ALA,CA,0.0025158923
A,1062,ALA,C,0.0075476766
A,1062,ALA,O,0.20647909
A,1062,ALA,CB,0.24026771
A,1063,SER,N,0.004556619
A,1063,SER,CA,0.08554034
A,1063,SER,C,0.0
A,1063,SER,O,0.03906361
A,1063,SER,CB,0.21762468
A,1063,SER,OG,0.006696619
A,1064,LEU,N,0.0
A,1064,LEU,CA,0.0025158923
A,1064,LEU,C,0.0
A,1064,LEU,O,0.06250177
A,1064,LEU,CB,0.0
A,1064,LEU,CG,0.0
A,1064,LEU,CD1,0.0012579461
A,1064,LEU,CD2,0.02264303
A,1065,ARG,N,0.0
A,1065,ARG,CA,0.036480438
A,1065,ARG,C,0.0
A,1065,ARG,O,0.0
A,1065,ARG,CB,0.049059898
A,1065,ARG,CG,0.06667115
A,1065,ARG,CD,0.20504522
A,1065,ARG,NE,0.13897689
A,1065,ARG,CZ,0.10566747
A,1065,ARG,NH1,0.4738884
A,1065,ARG,NH2,0.5536292
A,1066,LEU,N,0.052401118
A,1066,LEU,CA,0.0
A,1066,LEU,C,0.0
A,1066,LEU,O,0.10044929
A,1066,LEU,CB,0.0
A,1066,LEU,CG,0.05534963
A,1066,LEU,CD1,0.0
A,1066,LEU,CD2,0.011321515
A,1067,PRO,N,0.0
A,1067,PRO,CA,0.0
A,1067,PRO,C,0.0
A,1067,PRO,O,0.0
A,1067,PRO,CB,0.0
A,1067,PRO,CG,0.044028115
A,1067,PRO,CD,0.0
A,1068,ASP,N,0.0022783095
A,1068,ASP,CA,0.0
A,1068,ASP,C,0.0
A,1068,ASP,O,0.0
A,1068,ASP,CB,0.10818337
A,1068,ASP,CG,0.0025158923
A,1068,ASP,OD1,0.0
A,1068,ASP,OD2,0.324786
A,1069,ARG,N,0.0
A,1069,ARG,CA,0.0
A,1069,ARG,C,0.0
A,1069,ARG,O,0.036831405
A,1069,ARG,CB,0.0012579461
A,1069,ARG,CG,0.023900976
A,1069,ARG,CD,0.0
A,1069,ARG,NE,0.0
A,1069,ARG,CZ,0.0
A,1069,ARG,NH1,0.12986365
A,1069,ARG,NH2,0.0
A,1070,ILE,N,0.0
A,1070,ILE,CA,0.0
A,1070,ILE,C,0.0
A,1070,ILE,O,0.0
A,1070,ILE,CB,0.06667115
A,1070,ILE,CG1,0.16479094
A,1070,ILE,CG2,0.118246935
A,1070,ILE,CD1,0.5157579
A,1071,ASP,N,0.05923605
A,1071,ASP,CA,0.08679828
A,1071,ASP,C,0.046544008
A,1071,ASP,O,0.22991724
A,1071,ASP,CB,0.0817665
A,1071,ASP,CG,0.050317846
A,1071,ASP,OD1,0.38282338
A,1071,ASP,OD2,0.41742256
A,1072,GLY,N,0.07062759
A,1072,GLY,CA,0.21888262
A,1072,GLY,C,0.031448655
A,1072,GLY,O,0.15067393
A,1073,ARG,N,0.0022783095
A,1073,ARG,CA,0.0327066
A,1073,ARG,C,0.0
A,1073,ARG,O,0.0
A,1073,ARG,CB,0.21133494
A,1073,ARG,CG,0.012579462
A,1073,ARG,CD,0.31951833
A,1073,ARG,NE,0.14581181
A,1073,ARG,CZ,0.054091685
A,1073,ARG,NH1,0.19023885
A,1073,ARG,NH2,0.38959092
A,1074,PHE,N,0.048983656
A,1074,PHE,CA,0.0
A,1074,PHE,C,0.0
A,1074,PHE,O,0.25893593
A,1074,PHE,CB,0.118246935
A,1074,PHE,CG,0.0012579461
A,1074,PHE,CD1,0.0
A,1074,PHE,CD2,0.12705256
A,1074,PHE,CE1,0.0
A,1074,PHE,CE2,0.08679828
A,1074,PHE,CZ,0.050317846
A,1075,VAL,N,0.0
A,1075,VAL,CA,0.02264303
A,1075,VAL,C,0.0
A,1075,VAL,O,0.0022322063
A,1075,VAL,CB,0.008805623
A,1075,VAL,CG1,0.4251858
A,1075,VAL,CG2,0.13963202
A,1076,ASP,N,0.05012281
A,1076,ASP,CA,0.0012579461
A,1076,ASP,C,0.0
A,1076,ASP,O,0.15290613
A,1076,ASP,CB,0.1798863
A,1076,ASP,CG,0.04528606
A,1076,ASP,OD1,0.3504564
A,1076,ASP,OD2,0.45425397
A,1077,GLY,N,0.031896334
A,1077,GLY,CA,0.0012579461
A,1077,GLY,C,0.011321515
A,1077,GLY,O,0.23326556
A,1078,ARG,N,0.0022783095
A,1078,ARG,CA,0.026416868
A,1078,ARG,C,0.0
A,1078,ARG,O,0.0
A,1078,ARG,CB,0.11195721
A,1078,ARG,CG,0.098119795
A,1078,ARG,CD,0.16227505
A,1078,ARG,NE,0.17770815
A,1078,ARG,CZ,0.04151222
A,1078,ARG,NH1,0.0
A,1078,ARG,NH2,0.47047094
A,1079,ARG,N,0.053540275
A,1079,ARG,CA,0.0
A,1079,ARG,C,0.0037738383
A,1079,ARG,O,0.10937811
A,1079,ARG,CB,0.14088997
A,1079,ARG,CG,0.0050317845
A,1079,ARG,CD,0.22391441
A,1079,ARG,NE,0.112776324
A,1079,ARG,CZ,0.04528606
A,1079,ARG,NH1,0.12986365
A,1079,ARG,NH2,0.23010926
A,1080,ALA,N,0.0
A,1080,ALA,CA,0.0012579461
A,1080,ALA,C,0.017611247
A,1080,ALA,O,0.1741121
A,1080,ALA,CB,0.0
A,1081,ASN,N,0.015948167
A,1081,ASN,CA,0.06289731
A,1081,ASN,C,0.0
A,1081,ASN,O,0.0
A,1081,ASN,CB,0.14088997
A,1081,ASN,CG,0.047801953
A,1081,ASN,OD1,0.088172145
A,1081,ASN,ND2,0.4055391
A,1082,LEU,N,0.04328788
A,1082,LEU,CA,0.0
A,1082,LEU,C,0.0
A,1082,LEU,O,0.0
A,1082,LEU,CB,0.08805623
A,1082,LEU,CG,0.020127138
A,1082,LEU,CD1,0.28806967
A,1082,LEU,CD2,0.0
A,1083,THR,N,0.0
A,1083,THR,CA,0.0
A,1083,THR,C,0.0
A,1083,THR,O,0.0011161031
A,1083,THR,CB,0.08931418
A,1083,THR,OG1,0.16071886
A,1083,THR,CG2,0.4855672
A,1084,VAL,N,0.0
A,1084,VAL,CA,0.0
A,1084,VAL,C,0.0
A,1084,VAL,O,0.0044644126
A,1084,VAL,CB,0.0
A,1084,VAL,CG1,0.0817665
A,1084,VAL,CG2,0.16730684
A,1085,PHE,N,0.0
A,1085,PHE,CA,0.0
A,1085,PHE,C,0.0
A,1085,PHE,O,0.0
A,1085,PHE,CB,0.0
A,1085,PHE,CG,0.0
A,1085,PHE,CD1,0.0
A,1085,PHE,CD2,0.0
A,1085,PHE,CE1,0.0
A,1085,PHE,CE2,0.0
A,1085,PHE,CZ,0.0
A,1086,ASP,N,0.0
A,1086,ASP,CA,0.0075476766
A,1086,ASP,C,0.0037738383
A,1086,ASP,O,0.007812722
A,1086,ASP,CB,0.15975916
A,1086,ASP,CG,0.050317846
A,1086,ASP,OD1,0.16406716
A,1086,ASP,OD2,0.19085364
A,1087,ASP,N,0.0
A,1087,ASP,CA,0.02264303
A,1087,ASP,C,0.0
A,1087,ASP,O,0.0357153
A,1087,ASP,CB,0.027674815
A,1087,ASP,CG,0.031448655
A,1087,ASP,OD1,0.36161742
A,1087,ASP,OD2,0.29241902
A,1088,ALA,N,0.0
A,1088,ALA,CA,0.0
A,1088,ALA,C,0.0025158923
A,1088,ALA,O,0.0
A,1088,ALA,CB,0.0
A,1089,ARG,N,0.0
A,1089,ARG,CA,0.012579462
A,1089,ARG,C,0.0
A,1089,ARG,O,0.0033483095
A,1089,ARG,CB,0.0037738383
A,1089,ARG,CG,0.0012579461
A,1089,ARG,CD,0.0
A,1089,ARG,NE,0.0
A,1089,ARG,CZ,0.017611247
A,1089,ARG,NH1,0.08771492
A,1089,ARG,NH2,0.23238757
A,1090,VAL,N,0.0
A,1090,VAL,CA,0.0
A,1090,VAL,C,0.0
A,1090,VAL,O,0.050224643
A,1090,VAL,CB,0.011321515
A,1090,VAL,CG1,0.47550362
A,1090,VAL,CG2,0.3081968
A,1091,ALA,N,0.0
A,1091,ALA,CA,0.07799266
A,1091,ALA,C,0.0
A,1091,ALA,O,0.033483095
A,1091,ALA,CB,0.050317846
A,1092,VAL,N,0.0
A,1092,VAL,CA,0.0
A,1092,VAL,C,0.0
A,1092,VAL,O,0.008928825
A,1092,VAL,CB,0.0037738383
A,1092,VAL,CG1,0.013837407
A,1092,VAL,CG2,0.008805623
A,1093,ARG,N,0.0
A,1093,ARG,CA,0.027674815
A,1093,ARG,C,0.0
A,1093,ARG,O,0.02120596
A,1093,ARG,CB,0.04151222
A,1093,ARG,CG,0.120762825
A,1093,ARG,CD,0.19749755
A,1093,ARG,NE,0.08201914
A,1093,ARG,CZ,0.05157579
A,1093,ARG,NH1,0.19023885
A,1093,ARG,NH2,0.21530025
A,1094,GLY,N,0.0056957738
A,1094,GLY,CA,0.23775181
A,1094,GLY,C,0.04528606
A,1094,GLY,O,0.08705605
A,1095,HIS,N,0.012530702
A,1095,HIS,CA,0.033964545
A,1095,HIS,C,0.0
A,1095,HIS,O,0.0
A,1095,HIS,CB,0.006289731
A,1095,HIS,CG,0.0
A,1095,HIS,ND1,0.0034174644
A,1095,HIS,CD2,0.035222493
A,1095,HIS,CE1,0.0
A,1095,HIS,NE2,0.0
A,1096,ALA,N,0.0034174644
A,1096,ALA,CA,0.0012579461
A,1096,ALA,C,0.015095353
A,1096,ALA,O,0.014509341
A,1096,ALA,CB,0.10944131
A,1097,ARG,N,0.0034174644
A,1097,ARG,CA,0.04528606
A,1097,ARG,C,0.0012579461
A,1097,ARG,O,0.0022322063
A,1097,ARG,CB,0.10818337
A,1097,ARG,CG,0.08428239
A,1097,ARG,CD,0.30442297
A,1097,ARG,NE,0.15150759
A,1097,ARG,CZ,0.0654132
A,1097,ARG,NH1,0.43287882
A,1097,ARG,NH2,0.38389516
A,1098,ALA,N,0.007974084
A,1098,ALA,CA,0.04528606
A,1098,ALA,C,0.0
A,1098,ALA,O,0.011161031
A,1098,ALA,CB,0.14214791
A,1099,GLN,N,0.0
A,1099,GLN,CA,0.0
A,1099,GLN,C,0.0
A,1099,GLN,O,0.0
A,1099,GLN,CB,0.0
A,1099,GLN,CG,0.0
A,1099,GLN,CD,0.0
A,1099,GLN,OE1,0.059153467
A,1099,GLN,NE2,0.0
A,1100,ARG,N,0.0
A,1100,ARG,CA,0.0
A,1100,ARG,C,0.0
A,1100,ARG,O,0.0
A,1100,ARG,CB,0.023900976
A,1100,ARG,CG,0.0025158923
A,1100,ARG,CD,0.20504522
A,1100,ARG,NE,0.077462524
A,1100,ARG,CZ,0.049059898
A,1100,ARG,NH1,0.05012281
A,1100,ARG,NH2,0.41579148
A,1101,ASN,N,0.0
A,1101,ASN,CA,0.0037738383
A,1101,ASN,C,0.0
A,1101,ASN,O,0.018973753
A,1101,ASN,CB,0.052833736
A,1101,ASN,CG,0.046544008
A,1101,ASN,OD1,0.3928683
A,1101,ASN,ND2,0.25630984
A,1102,LEU,N,0.0
A,1102,LEU,CA,0.0
A,1102,LEU,C,0.0
A,1102,LEU,O,0.0
A,1102,LEU,CB,0.0
A,1102,LEU,CG,0.0
A,1102,LEU,CD1,0.08805623
A,1102,LEU,CD2,0.0
A,1103,LEU,N,0.0
A,1103,LEU,CA,0.0
A,1103,LEU,C,0.0
A,1103,LEU,O,0.0
A,1103,LEU,CB,0.0
A,1103,LEU,CG,0.0
A,1103,LEU,CD1,0.0
A,1103,LEU,CD2,0.0
A,1104,GLU,N,0.0
A,1104,GLU,CA,0.0050317845
A,1104,GLU,C,0.015095353
A,1104,GLU,O,0.023438167
A,1104,GLU,CB,0.10818337
A,1104,GLU,CG,0.046544008
A,1104,GLU,CD,0.047801953
A,1104,GLU,OE1,0.27121305
A,1104,GLU,OE2,0.20424688
A,1105,ARG,N,0.0
A,1105,ARG,CA,0.031448655
A,1105,ARG,C,0.011321515
A,1105,ARG,O,0.05245685
A,1105,ARG,CB,0.1144731
A,1105,ARG,CG,0.15095353
A,1105,ARG,CD,0.3295819
A,1105,ARG,NE,0.13783772
A,1105,ARG,CZ,0.05157579
A,1105,ARG,NH1,0.18454307
A,1105,ARG,NH2,0.064931825
A,1106,LEU,N,0.0
A,1106,LEU,CA,0.0012579461
A,1106,LEU,C,0.0
A,1106,LEU,O,0.0
A,1106,LEU,CB,0.0
A,1106,LEU,CG,0.0025158923
A,1106,LEU,CD1,0.0
A,1106,LEU,CD2,0.12453667
A,1107,GLU,N,0.0
A,1107,GLU,CA,0.0
A,1107,GLU,C,0.0012579461
A,1107,GLU,O,0.0
A,1107,GLU,CB,0.0
A,1107,GLU,CG,0.031448655
A,1107,GLU,CD,0.049059898
A,1107,GLU,OE1,0.043528024
A,1107,GLU,OE2,0.2857224
A,1108,THR,N,0.0
A,1108,THR,CA,0.04277017
A,1108,THR,C,0.0025158923
A,1108,THR,O,0.044644125
A,1108,THR,CB,0.025158923
A,1108,THR,OG1,0.3102767
A,1108,THR,CG2,0.5346271
A,1109,GLU,N,0.009113238
A,1109,GLU,CA,0.04151222
A,1109,GLU,C,0.0
A,1109,GLU,O,0.11049421
A,1109,GLU,CB,0.0
A,1109,GLU,CG,0.18869191
A,1109,GLU,CD,0.05157579
A,1109,GLU,OE1,0.36831403
A,1109,GLU,OE2,0.2857224
A,1110,LEU,N,0.0
A,1110,LEU,CA,0.021385085
A,1110,LEU,C,0.0
A,1110,LEU,O,0.06361788
A,1110,LEU,CB,0.0
A,1110,LEU,CG,0.0
A,1110,LEU,CD1,0.0037738383
A,1110,LEU,CD2,0.036480438
A,1111,LEU,N,0.0
A,1111,LEU,CA,0.018869191
A,1111,LEU,C,0.060381413
A,1111,LEU,O,0.43974465
A,1111,LEU,CB,0.093088016
A,1111,LEU,CG,0.0
A,1111,LEU,CD1,0.3081968
A,1111,LEU,CD2,0.18114424
A,1112,GLY,N,0.14922927
A,1112,GLY,CA,0.075476766
A,1112,GLY,C,0.21636674
A,1112,GLY,O,0.43751243
A,1122,GLY,N,0.5308461
A,1122,GLY,CA,0.38870534
A,1122,GLY,C,0.0817665
A,1122,GLY,O,0.38282338
A,1123,GLY,N,0.13669857
A,1123,GLY,CA,0.2729743
A,1123,GLY,C,0.0327066
A,1123,GLY,O,0.116074726
A,1124,ILE,N,0.077462524
A,1124,ILE,CA,0.056607574
A,1124,ILE,C,0.0
A,1124,ILE,O,0.27232918
A,1124,ILE,CB,0.079250604
A,1124,ILE,CG1,0.26416868
A,1124,ILE,CG2,0.28932762
A,1124,ILE,CD1,0.6277151
A,1125,GLN,N,0.051261965
A,1125,GLN,CA,0.0
A,1125,GLN,C,0.006289731
A,1125,GLN,O,0.08705605
A,1125,GLN,CB,0.19498165
A,1125,GLN,CG,0.2427836
A,1125,GLN,CD,0.05157579
A,1125,GLN,OE1,0.40514544
A,1125,GLN,NE2,0.33946812
A,1126,PRO,N,0.006834929
A,1126,PRO,CA,0.093088016
A,1126,PRO,C,0.0
A,1126,PRO,O,0.13058406
A,1126,PRO,CB,0.22391441
A,1126,PRO,CG,0.39876893
A,1126,PRO,CD,0.15724327
A,1127,ASP,N,0.006834929
A,1127,ASP,CA,0.0037738383
A,1127,ASP,C,0.0
A,1127,ASP,O,0.025670372
A,1127,ASP,CB,0.08050855
A,1127,ASP,CG,0.06918704
A,1127,ASP,OD1,0.26451644
A,1127,ASP,OD2,0.48327267
A,1128,PRO,N,0.0
A,1128,PRO,CA,0.06792909
A,1128,PRO,C,0.012579462
A,1128,PRO,O,0.10044929
A,1128,PRO,CB,0.31197065
A,1128,PRO,CG,0.3761259
A,1128,PRO,CD,0.23397797
A,1129,ILE,N,0.04100957
A,1129,ILE,CA,0.06415525
A,1129,ILE,C,0.0
A,1129,ILE,O,0.0044644126
A,1129,ILE,CB,0.09183007
A,1129,ILE,CG1,0.11698899
A,1129,ILE,CG2,0.08428239
A,1129,ILE,CD1,0.46669802
A,1130,LEU,N,0.0
A,1130,LEU,CA,0.0
A,1130,LEU,C,0.0
A,1130,LEU,O,0.0
A,1130,LEU,CB,0.04277017
A,1130,LEU,CG,0.0
A,1130,LEU,CD1,0.29561734
A,1130,LEU,CD2,0.12453667
A,1131,GLN,N,0.025061404
A,1131,GLN,CA,0.0037738383
A,1131,GLN,C,0.0
A,1131,GLN,O,0.0
A,1131,GLN,CB,0.17862836
A,1131,GLN,CG,0.2264303
A,1131,GLN,CD,0.046544008
A,1131,GLN,OE1,0.37724286
A,1131,GLN,NE2,0.1788473
A,1132,GLY,N,0.007974084
A,1132,GLY,CA,0.23020414
A,1132,GLY,C,0.035222493
A,1132,GLY,O,0.050224643
A,1133,LEU,N,0.0
A,1133,LEU,CA,0.0
A,1133,LEU,C,0.0
A,1133,LEU,O,0.0
A,1133,LEU,CB,0.0
A,1133,LEU,CG,0.0037738383
A,1133,LEU,CD1,0.011321515
A,1133,LEU,CD2,0.27926403
A,1134,VAL,N,0.0
A,1134,VAL,CA,0.0
A,1134,VAL,C,0.0
A,1134,VAL,O,0.0357153
A,1134,VAL,CB,0.0
A,1134,VAL,CG1,0.17611246
A,1134,VAL,CG2,0.0
A,1135,ASP,N,0.0
A,1135,ASP,CA,0.030190706
A,1135,ASP,C,0.010063569
A,1135,ASP,O,0.11049421
A,1135,ASP,CB,0.15850121
A,1135,ASP,CG,0.050317846
A,1135,ASP,OD1,0.21429181
A,1135,ASP,OD2,0.34710807
A,1136,VAL,N,0.0011391548
A,1136,VAL,CA,0.033964545
A,1136,VAL,C,0.0
A,1136,VAL,O,0.022322062
A,1136,VAL,CB,0.0
A,1136,VAL,CG1,0.21762468
A,1136,VAL,CG2,0.38618946
A,1137,ILE,N,0.0
A,1137,ILE,CA,0.0
A,1137,ILE,C,0.0
A,1137,ILE,O,0.0
A,1137,ILE,CB,0.0
A,1137,ILE,CG1,0.0
A,1137,ILE,CG2,0.0025158923
A,1137,ILE,CD1,0.0
A,1138,GLY,N,0.0022783095
A,1138,GLY,CA,0.21385084
A,1138,GLY,C,0.047801953
A,1138,GLY,O,0.10156538
A,1139,GLN,N,0.018226476
A,1139,GLN,CA,0.02264303
A,1139,GLN,C,0.0
A,1139,GLN,O,0.0
A,1139,GLN,CB,0.099377744
A,1139,GLN,CG,0.23397797
A,1139,GLN,CD,0.049059898
A,1139,GLN,OE1,0.3939844
A,1139,GLN,NE2,0.15036844
A,1140,GLY,N,0.0056957738
A,1140,GLY,CA,0.07170293
A,1140,GLY,C,0.0
A,1140,GLY,O,0.01785765
A,1141,LYS,N,0.0
A,1141,LYS,CA,0.0037738383
A,1141,LYS,C,0.0037738383
A,1141,LYS,O,0.0044644126
A,1141,LYS,CB,0.03899633
A,1141,LYS,CG,0.0
A,1141,LYS,CD,0.060381413
A,1141,LYS,CE,0.0012579461
A,1141,LYS,NZ,0.2540315
A,1142,SER,N,0.0113915475
A,1142,SER,CA,0.04277017
A,1142,SER,C,0.0
A,1142,SER,O,0.0
A,1142,SER,CB,0.13208434
A,1142,SER,OG,0.15179002
A,1143,ASP,N,0.0
A,1143,ASP,CA,0.0
A,1143,ASP,C,0.0
A,1143,ASP,O,0.0
A,1143,ASP,CB,0.015095353
A,1143,ASP,CG,0.021385085
A,1143,ASP,OD1,0.014509341
A,1143,ASP,OD2,0.23772997
A,1144,ILE,N,0.0
A,1144,ILE,CA,0.006289731
A,1144,ILE,C,0.0
A,1144,ILE,O,0.031250887
A,1144,ILE,CB,0.0012579461
A,1144,ILE,CG1,0.0012579461
A,1144,ILE,CG2,0.0025158923
A,1144,ILE,CD1,0.0012579461
A,1145,ASP,N,0.0
A,1145,ASP,CA,0.013837407
A,1145,ASP,C,0.0075476766
A,1145,ASP,O,0.015625443
A,1145,ASP,CB,0.08554034
A,1145,ASP,CG,0.049059898
A,1145,ASP,OD1,0.29576734
A,1145,ASP,OD2,0.18415701
A,1146,ALA,N,0.0
A,1146,ALA,CA,0.0075476766
A,1146,ALA,C,0.0
A,1146,ALA,O,0.0022322063
A,1146,ALA,CB,0.0050317845
A,1147,TYR,N,0.0
A,1147,TYR,CA,0.0
A,1147,TYR,C,0.0
A,1147,TYR,O,0.0
A,1147,TYR,CB,0.015095353
A,1147,TYR,CG,0.0
A,1147,TYR,CD1,0.0037738383
A,1147,TYR,CD2,0.0
A,1147,TYR,CE1,0.04151222
A,1147,TYR,CE2,0.030190706
A,1147,TYR,CZ,0.0
A,1147,TYR,OH,0.0011161031
A,1148,ALA,N,0.0056957738
A,1148,ALA,CA,0.0050317845
A,1148,ALA,C,0.008805623
A,1148,ALA,O,0.030134784
A,1148,ALA,CB,0.1471797
A,1149,THR,N,0.0022783095
A,1149,THR,CA,0.04277017
A,1149,THR,C,0.0
A,1149,THR,O,0.011161031
A,1149,THR,CB,0.010063569
A,1149,THR,OG1,0.27567747
A,1149,THR,CG2,0.19246575
A,1150,ILE,N,0.0
A,1150,ILE,CA,0.0
A,1150,ILE,C,0.0
A,1150,ILE,O,0.0
A,1150,ILE,CB,0.0
A,1150,ILE,CG1,0.013837407
A,1150,ILE,CG2,0.049059898
A,1150,ILE,CD1,0.0
A,1151,VAL,N,0.0
A,1151,VAL,CA,0.017611247
A,1151,VAL,C,0.0
A,1151,VAL,O,0.0044644126
A,1151,VAL,CB,0.0
A,1151,VAL,CG1,0.0327066
A,1151,VAL,CG2,0.06918704
A,1152,GLU,N,0.0
A,1152,GLU,CA,0.0075476766
A,1152,GLU,C,0.0
A,1152,GLU,O,0.0
A,1152,GLU,CB,0.04277017
A,1152,GLU,CG,0.22517236
A,1152,GLU,CD,0.006289731
A,1152,GLU,OE1,0.16853158
A,1152,GLU,OE2,0.0011161031
A,1153,GLY,N,0.0
A,1153,GLY,CA,0.050317846
A,1153,GLY,C,0.0
A,1153,GLY,O,0.0
A,1154,LEU,N,0.0
A,1154,LEU,CA,0.0
A,1154,LEU,C,0.0037738383
A,1154,LEU,O,0.0
A,1154,LEU,CB,0.08302444
A,1154,LEU,CG,0.0025158923
A,1154,LEU,CD1,0.047801953
A,1154,LEU,CD2,0.0012579461
A,1155,THR,N,0.0
A,1155,THR,CA,0.0
A,1155,THR,C,0.0
A,1155,THR,O,0.0
A,1155,THR,CB,0.0025158923
A,1155,THR,OG1,0.054689053
A,1155,THR,CG2,0.006289731
A,1156,LYS,N,0.0
A,1156,LYS,CA,0.0
A,1156,LYS,C,0.0
A,1156,LYS,O,0.0033483095
A,1156,LYS,CB,0.02264303
A,1156,LYS,CG,0.09183007
A,1156,LYS,CD,0.0037738383
A,1156,LYS,CE,0.30693886
A,1156,LYS,NZ,0.49667147
A,1157,TYR,N,0.0
A,1157,TYR,CA,0.0012579461
A,1157,TYR,C,0.0
A,1157,TYR,O,0.0
A,1157,TYR,CB,0.0
A,1157,TYR,CG,0.0
A,1157,TYR,CD1,0.0
A,1157,TYR,CD2,0.0
A,1157,TYR,CE1,0.0012579461
A,1157,TYR,CE2,0.052833736
A,1157,TYR,CZ,0.0
A,1157,TYR,OH,0.030134784
A,1158,PHE,N,0.0
A,1158,PHE,CA,0.0
A,1158,PHE,C,0.0
A,1158,PHE,O,0.0
A,1158,PHE,CB,0.0
A,1158,PHE,CG,0.0
A,1158,PHE,CD1,0.0
A,1158,PHE,CD2,0.02264303
A,1158,PHE,CE1,0.0
A,1158,PHE,CE2,0.006289731
A,1158,PHE,CZ,0.0
A,1159,GLN,N,0.0
A,1159,GLN,CA,0.0
A,1159,GLN,C,0.0012579461
A,1159,GLN,O,0.0011161031
A,1159,GLN,CB,0.0
A,1159,GLN,CG,0.056607574
A,1159,GLN,CD,0.015095353
A,1159,GLN,OE1,0.0
A,1159,GLN,NE2,0.10252393
A,1160,SER,N,0.0011391548
A,1160,SER,CA,0.037738383
A,1160,SER,C,0.0
A,1160,SER,O,0.013393238
A,1160,SER,CB,0.2264303
A,1160,SER,OG,0.030134784
A,1161,VAL,N,0.0
A,1161,VAL,CA,0.0
A,1161,VAL,C,0.0
A,1161,VAL,O,0.0
A,1161,VAL,CB,0.0
A,1161,VAL,CG1,0.0012579461
A,1161,VAL,CG2,0.0
A,1162,ALA,N,0.0
A,1162,ALA,CA,0.0
A,1162,ALA,C,0.0
A,1162,ALA,O,0.0
A,1162,ALA,CB,0.0
A,1163,ASP,N,0.0
A,1163,ASP,CA,0.0
A,1163,ASP,C,0.0
A,1163,ASP,O,0.0
A,1163,ASP,CB,0.011321515
A,1163,ASP,CG,0.018869191
A,1163,ASP,OD1,0.04910854
A,1163,ASP,OD2,0.3861717
A,1164,VAL,N,0.009113238
A,1164,VAL,CA,0.006289731
A,1164,VAL,C,0.0
A,1164,VAL,O,0.0
A,1164,VAL,CB,0.018869191
A,1164,VAL,CG1,0.0327066
A,1164,VAL,CG2,0.025158923
A,1165,MET,N,0.0
A,1165,MET,CA,0.0
A,1165,MET,C,0.0
A,1165,MET,O,0.0
A,1165,MET,CB,0.0012579461
A,1165,MET,CG,0.006289731
A,1165,MET,SD,0.008042477
A,1165,MET,CE,0.0
A,1166,SER,N,0.0
A,1166,SER,CA,0.0
A,1166,SER,C,0.0075476766
A,1166,SER,O,0.0
A,1166,SER,CB,0.11069926
A,1166,SER,OG,0.0
A,1167,LYS,N,0.0034174644
A,1167,LYS,CA,0.026416868
A,1167,LYS,C,0.0
A,1167,LYS,O,0.016741548
A,1167,LYS,CB,0.037738383
A,1167,LYS,CG,0.12705256
A,1167,LYS,CD,0.10063569
A,1167,LYS,CE,0.38870534
A,1167,LYS,NZ,0.30301517
A,1168,LEU,N,0.0
A,1168,LEU,CA,0.0
A,1168,LEU,C,0.0
A,1168,LEU,O,0.0
A,1168,LEU,CB,0.0
A,1168,LEU,CG,0.0
A,1168,LEU,CD1,0.0012579461
A,1168,LEU,CD2,0.0037738383
A,1169,GLN,N,0.0
A,1169,GLN,CA,0.0
A,1169,GLN,C,0.0
A,1169,GLN,O,0.050224643
A,1169,GLN,CB,0.0050317845
A,1169,GLN,CG,0.0
A,1169,GLN,CD,0.0
A,1169,GLN,OE1,0.02120596
A,1169,GLN,NE2,0.0
A,1170,ASP,N,0.0
A,1170,ASP,CA,0.035222493
A,1170,ASP,C,0.0
A,1170,ASP,O,0.30469617
A,1170,ASP,CB,0.0817665
A,1170,ASP,CG,0.04528606
A,1170,ASP,OD1,0.44197685
A,1170,ASP,OD2,0.15625444
A,1171,TYR,N,0.0
A,1171,TYR,CA,0.011321515
A,1171,TYR,C,0.021385085
A,1171,TYR,O,0.022322062
A,1171,TYR,CB,0.0
A,1171,TYR,CG,0.0
A,1171,TYR,CD1,0.0
A,1171,TYR,CD2,0.030190706
A,1171,TYR,CE1,0.054091685
A,1171,TYR,CE2,0.15975916
A,1171,TYR,CZ,0.020127138
A,1171,TYR,OH,0.4564862
A,1172,ILE,N,0.0
A,1172,ILE,CA,0.0
A,1172,ILE,C,0.0
A,1172,ILE,O,0.08482384
A,1172,ILE,CB,0.0
A,1172,ILE,CG1,0.0
A,1172,ILE,CG2,0.0012579461
A,1172,ILE,CD1,0.0
A,1173,SER,N,0.0
A,1173,SER,CA,0.006289731
A,1173,SER,C,0.0
A,1173,SER,O,0.0
A,1173,SER,CB,0.26794252
A,1173,SER,OG,0.18415701
A,1174,ALA,N,0.02847887
A,1174,ALA,CA,0.0
A,1174,ALA,C,0.0012579461
A,1174,ALA,O,0.26563254
A,1174,ALA,CB,0.2289462
A,1175,LYS,N,0.0
A,1175,LYS,CA,0.010063569
A,1175,LYS,C,0.0
A,1175,LYS,O,0.0
A,1175,LYS,CB,0.0
A,1175,LYS,CG,0.0
A,1175,LYS,CD,0.08302444
A,1175,LYS,CE,0.18366013
A,1175,LYS,NZ,0.5354027
A,1176,ASP,N,0.09910647
A,1176,ASP,CA,0.10315158
A,1176,ASP,C,0.018869191
A,1176,ASP,O,0.16629937
A,1176,ASP,CB,0.02264303
A,1176,ASP,CG,0.020127138
A,1176,ASP,OD1,0.31474108
A,1176,ASP,OD2,0.1060298
A,1177,ASP,N,0.0
A,1177,ASP,CA,0.025158923
A,1177,ASP,C,0.0
A,1177,ASP,O,0.13504848
A,1177,ASP,CB,0.17862836
A,1177,ASP,CG,0.057865523
A,1177,ASP,OD1,0.47769216
A,1177,ASP,OD2,0.40068102
A,1178,LYS,N,0.0
A,1178,LYS,CA,0.013837407
A,1178,LYS,C,0.0
A,1178,LYS,O,0.031250887
A,1178,LYS,CB,0.25033128
A,1178,LYS,CG,0.20881906
A,1178,LYS,CD,0.079250604
A,1178,LYS,CE,0.22014058
A,1178,LYS,NZ,0.34516388
A,1179,ASN,N,0.0
A,1179,ASN,CA,0.0
A,1179,ASN,C,0.0
A,1179,ASN,O,0.0
A,1179,ASN,CB,0.0
A,1179,ASN,CG,0.008805623
A,1179,ASN,OD1,0.12723576
A,1179,ASN,ND2,0.12302872
A,1180,MET,N,0.0
A,1180,MET,CA,0.0
A,1180,MET,C,0.0
A,1180,MET,O,0.0022322063
A,1180,MET,CB,0.0075476766
A,1180,MET,CG,0.0012579461
A,1180,MET,SD,0.0
A,1180,MET,CE,0.0
A,1181,LYS,N,0.0
A,1181,LYS,CA,0.0
A,1181,LYS,C,0.0012579461
A,1181,LYS,O,0.0033483095
A,1181,LYS,CB,0.0025158923
A,1181,LYS,CG,0.011321515
A,1181,LYS,CD,0.10315158
A,1181,LYS,CE,0.059123468
A,1181,LYS,NZ,0.5490726
A,1182,ILE,N,0.0
A,1182,ILE,CA,0.0
A,1182,ILE,C,0.0
A,1182,ILE,O,0.0
A,1182,ILE,CB,0.0037738383
A,1182,ILE,CG1,0.0
A,1182,ILE,CG2,0.008805623
A,1182,ILE,CD1,0.0
A,1183,ASP,N,0.0
A,1183,ASP,CA,0.0
A,1183,ASP,C,0.0
A,1183,ASP,O,0.0
A,1183,ASP,CB,0.0
A,1183,ASP,CG,0.012579462
A,1183,ASP,OD1,0.281258
A,1183,ASP,OD2,0.047992434
A,1184,GLY,N,0.0
A,1184,GLY,CA,0.0
A,1184,GLY,C,0.0
A,1184,GLY,O,0.0
A,1185,GLY,N,0.0
A,1185,GLY,CA,0.13963202
A,1185,GLY,C,0.031448655
A,1185,GLY,O,0.09933318
A,1186,LYS,N,0.0
A,1186,LYS,CA,0.0075476766
A,1186,LYS,C,0.0
A,1186,LYS,O,0.0357153
A,1186,LYS,CB,0.0075476766
A,1186,LYS,CG,0.0
A,1186,LYS,CD,0.18869191
A,1186,LYS,CE,0.3220342
A,1186,LYS,NZ,0.3576946
A,1187,ILE,N,0.0
A,1187,ILE,CA,0.0
A,1187,ILE,C,0.0
A,1187,ILE,O,0.0
A,1187,ILE,CB,0.0
A,1187,ILE,CG1,0.0
A,1187,ILE,CG2,0.0037738383
A,1187,ILE,CD1,0.0
A,1188,LYS,N,0.0
A,1188,LYS,CA,0.0
A,1188,LYS,C,0.011321515
A,1188,LYS,O,0.007812722
A,1188,LYS,CB,0.08805623
A,1188,LYS,CG,0.0
A,1188,LYS,CD,0.19120781
A,1188,LYS,CE,0.018869191
A,1188,LYS,NZ,0.3725036
A,1189,ALA,N,0.007974084
A,1189,ALA,CA,0.060381413
A,1189,ALA,C,0.011321515
A,1189,ALA,O,0.08928825
A,1189,ALA,CB,0.45663443
A,1190,LEU,N,0.0034174644
A,1190,LEU,CA,0.0012579461
A,1190,LEU,C,0.0
A,1190,LEU,O,0.015625443
A,1190,LEU,CB,0.0
A,1190,LEU,CG,0.018869191
A,1190,LEU,CD1,0.008805623
A,1190,LEU,CD2,0.2729743
A,1191,ILE,N,0.0
A,1191,ILE,CA,0.0
A,1191,ILE,C,0.0
A,1191,ILE,O,0.0
A,1191,ILE,CB,0.0
A,1191,ILE,CG1,0.010063569
A,1191,ILE,CG2,0.0012579461
A,1191,ILE,CD1,0.0037738383
A,1192,GLN,N,0.0
A,1192,GLN,CA,0.0
A,1192,GLN,C,0.0012579461
A,1192,GLN,O,0.0
A,1192,GLN,CB,0.070444986
A,1192,GLN,CG,0.19623959
A,1192,GLN,CD,0.047801953
A,1192,GLN,OE1,0.09598487
A,1192,GLN,NE2,0.14581181
A,1193,GLN,N,0.007974084
A,1193,GLN,CA,0.0327066
A,1193,GLN,C,0.006289731
A,1193,GLN,O,0.022322062
A,1193,GLN,CB,0.0327066
A,1193,GLN,CG,0.13208434
A,1193,GLN,CD,0.072960876
A,1193,GLN,OE1,0.27232918
A,1193,GLN,NE2,0.54793346
A,1194,VAL,N,0.0
A,1194,VAL,CA,0.04151222
A,1194,VAL,C,0.0
A,1194,VAL,O,0.015625443
A,1194,VAL,CB,0.0012579461
A,1194,VAL,CG1,0.0037738383
A,1194,VAL,CG2,0.120762825
A,1195,ILE,N,0.0
A,1195,ILE,CA,0.0
A,1195,ILE,C,0.0
A,1195,ILE,O,0.120539136
A,1195,ILE,CB,0.0
A,1195,ILE,CG1,0.0
A,1195,ILE,CG2,0.17485452
A,1195,ILE,CD1,0.0
A,1196,ASP,N,0.0
A,1196,ASP,CA,0.0327066
A,1196,ASP,C,0.0
A,1196,ASP,O,0.31474108
A,1196,ASP,CB,0.057865523
A,1196,ASP,CG,0.056607574
A,1196,ASP,OD1,0.32813433
A,1196,ASP,OD2,0.20759518
A,1197,HIS,N,0.0
A,1197,HIS,CA,0.035222493
A,1197,HIS,C,0.008805623
A,1197,HIS,O,0.23996218
A,1197,HIS,CB,0.17862836
A,1197,HIS,CG,0.035222493
A,1197,HIS,ND1,0.20504786
A,1197,HIS,CD2,0.049059898
A,1197,HIS,CE1,0.42895964
A,1197,HIS,NE2,0.21074364
A,1198,LEU,N,0.007974084
A,1198,LEU,CA,0.0050317845
A,1198,LEU,C,0.0
A,1198,LEU,O,0.18304092
A,1198,LEU,CB,0.072960876
A,1198,LEU,CG,0.0
A,1198,LEU,CD1,0.05157579
A,1198,LEU,CD2,0.0037738383
A,1199,PRO,N,0.0
A,1199,PRO,CA,0.093088016
A,1199,PRO,C,0.0
A,1199,PRO,O,0.008928825
A,1199,PRO,CB,0.1283105
A,1199,PRO,CG,0.018869191
A,1199,PRO,CD,0.030190706
A,1200,THR,N,0.03987042
A,1200,THR,CA,0.0
A,1200,THR,C,0.0025158923
A,1200,THR,O,0.26116812
A,1200,THR,CB,0.0012579461
A,1200,THR,OG1,0.36608183
A,1200,THR,CG2,0.27171636
A,1201,MET,N,0.0
A,1201,MET,CA,0.018869191
A,1201,MET,C,0.025158923
A,1201,MET,O,0.0044644126
A,1201,MET,CB,0.011321515
A,1201,MET,CG,0.030190706
A,1201,MET,SD,0.0
A,1201,MET,CE,0.0
A,1202,GLN,N,0.0478445
A,1202,GLN,CA,0.0
A,1202,GLN,C,0.008805623
A,1202,GLN,O,0.1395129
A,1202,GLN,CB,0.23649387
A,1202,GLN,CG,0.2289462
A,1202,GLN,CD,0.047801953
A,1202,GLN,OE1,0.20759518
A,1202,GLN,NE2,0.09113238
A,1203,LEU,N,0.0
A,1203,LEU,CA,0.0037738383
A,1203,LEU,C,0.0
A,1203,LEU,O,0.041295815
A,1203,LEU,CB,0.0037738383
A,1203,LEU,CG,0.0
A,1203,LEU,CD1,0.0
A,1203,LEU,CD2,0.018869191
A,1204,PRO,N,0.0022783095
A,1204,PRO,CA,0.10566747
A,1204,PRO,C,0.0
A,1204,PRO,O,0.044644125
A,1204,PRO,CB,0.13585818
A,1204,PRO,CG,0.036480438
A,1204,PRO,CD,0.0163533
A,1205,LYS,N,0.10366309
A,1205,LYS,CA,0.06918704
A,1205,LYS,C,0.012579462
A,1205,LYS,O,0.23884608
A,1205,LYS,CB,0.23146209
A,1205,LYS,CG,0.19246575
A,1205,LYS,CD,0.2918435
A,1205,LYS,CE,0.3648044
A,1205,LYS,NZ,0.58324724
A,1206,GLY,N,0.08999322
A,1206,GLY,CA,0.3157445
A,1206,GLY,C,0.03899633
A,1206,GLY,O,0.34152755
A,1207,ALA,N,0.019365631
A,1207,ALA,CA,0.05534963
A,1207,ALA,C,0.0
A,1207,ALA,O,0.17076378
A,1207,ALA,CB,0.021385085
A,1208,ASP,N,0.035313796
A,1208,ASP,CA,0.057865523
A,1208,ASP,C,0.0
A,1208,ASP,O,0.0
A,1208,ASP,CB,0.17862836
A,1208,ASP,CG,0.046544008
A,1208,ASP,OD1,0.12835187
A,1208,ASP,OD2,0.44755736
A,1209,ILE,N,0.04328788
A,1209,ILE,CA,0.0
A,1209,ILE,C,0.0
A,1209,ILE,O,0.0
A,1209,ILE,CB,0.08679828
A,1209,ILE,CG1,0.09057212
A,1209,ILE,CG2,0.0037738383
A,1209,ILE,CD1,0.03899633
A,1210,ALA,N,0.031896334
A,1210,ALA,CA,0.020127138
A,1210,ALA,C,0.0075476766
A,1210,ALA,O,0.02120596
A,1210,ALA,CB,0.5069523
A,1211,ARG,N,0.013669858
A,1211,ARG,CA,0.04277017
A,1211,ARG,C,0.0
A,1211,ARG,O,0.016741548
A,1211,ARG,CB,0.027674815
A,1211,ARG,CG,0.29813322
A,1211,ARG,CD,0.06792909
A,1211,ARG,NE,0.101384774
A,1211,ARG,CZ,0.054091685
A,1211,ARG,NH1,0.08087999
A,1211,ARG,NH2,0.11163717
A,1212,TRP,N,0.0
A,1212,TRP,CA,0.0
A,1212,TRP,C,0.0
A,1212,TRP,O,0.0
A,1212,TRP,CB,0.0
A,1212,TRP,CG,0.0
A,1212,TRP,CD1,0.0
A,1212,TRP,CD2,0.0
A,1212,TRP,NE1,0.06721013
A,1212,TRP,CE2,0.0
A,1212,TRP,CE3,0.0
A,1212,TRP,CZ2,0.010063569
A,1212,TRP,CZ3,0.0
A,1212,TRP,CH2,0.0025158923
A,1213,ARG,N,0.0
A,1213,ARG,CA,0.023900976
A,1213,ARG,C,0.011321515
A,1213,ARG,O,0.09263656
A,1213,ARG,CB,0.1308264
A,1213,ARG,CG,0.033964545
A,1213,ARG,CD,0.22139852
A,1213,ARG,NE,0.04556619
A,1213,ARG,CZ,0.056607574
A,1213,ARG,NH1,0.3223808
A,1213,ARG,NH2,0.10252393
A,1214,LYS,N,0.0011391548
A,1214,LYS,CA,0.059123468
A,1214,LYS,C,0.010063569
A,1214,LYS,O,0.2555876
A,1214,LYS,CB,0.1333423
A,1214,LYS,CG,0.16856478
A,1214,LYS,CD,0.23649387
A,1214,LYS,CE,0.327066
A,1214,LYS,NZ,0.5775515
A,1215,GLU,N,0.007974084
A,1215,GLU,CA,0.052833736
A,1215,GLU,C,0.0
A,1215,GLU,O,0.020089857
A,1215,GLU,CB,0.0025158923
A,1215,GLU,CG,0.0
A,1215,GLU,CD,0.023900976
A,1215,GLU,OE1,0.33817926
A,1215,GLU,OE2,0.09821708
A,1216,LEU,N,0.0
A,1216,LEU,CA,0.0
A,1216,LEU,C,0.0
A,1216,LEU,O,0.033483095
A,1216,LEU,CB,0.0025158923
A,1216,LEU,CG,0.0
A,1216,LEU,CD1,0.0037738383
A,1216,LEU,CD2,0.0163533
A,1217,GLY,N,0.0
A,1217,GLY,CA,0.21762468
A,1217,GLY,C,0.030190706
A,1217,GLY,O,0.034599196
A,1218,ASP,N,0.05467943
A,1218,ASP,CA,0.0163533
A,1218,ASP,C,0.0
A,1218,ASP,O,0.04576023
A,1218,ASP,CB,0.27423227
A,1218,ASP,CG,0.07170293
A,1218,ASP,OD1,0.29688343
A,1218,ASP,OD2,0.51787186
A,1219,ALA,N,0.020504786
A,1219,ALA,CA,0.012579462
A,1219,ALA,C,0.0
A,1219,ALA,O,0.023438167
A,1219,ALA,CB,0.10315158
A,1220,VAL,N,0.0
A,1220,VAL,CA,0.0
A,1220,VAL,C,0.0
A,1220,VAL,O,0.107145905
A,1220,VAL,CB,0.0
A,1220,VAL,CG1,0.013837407
A,1220,VAL,CG2,0.010063569
A,1221,SER,N,0.0
A,1221,SER,CA,0.040254276
A,1221,SER,C,0.006289731
A,1221,SER,O,0.0011161031
A,1221,SER,CB,0.19498165
A,1221,SER,OG,0.37166235
A,1222,ILE,N,0.035313796
A,1222,ILE,CA,0.0
A,1222,ILE,C,0.018869191
A,1222,ILE,O,0.09263656
A,1222,ILE,CB,0.0
A,1222,ILE,CG1,0.013837407
A,1222,ILE,CG2,0.0
A,1222,ILE,CD1,0.0
A,1223,SER,N,0.015948167
A,1223,SER,CA,0.075476766
A,1223,SER,C,0.0
A,1223,SER,O,0.0
A,1223,SER,CB,0.3081968
A,1223,SER,OG,0.013393238
A,1224,ASP,N,0.053540275
A,1224,ASP,CA,0.006289731
A,1224,ASP,C,0.0163533
A,1224,ASP,O,0.248891
A,1224,ASP,CB,0.24655744
A,1224,ASP,CG,0.07799266
A,1224,ASP,OD1,0.51563966
A,1224,ASP,OD2,0.1741121
A,1225,SER,N,0.026200559
A,1225,SER,CA,0.0654132
A,1225,SER,C,0.023900976
A,1225,SER,O,0.15625444
A,1225,SER,CB,0.3459352
A,1225,SER,OG,0.21094349
A,1226,GLY,N,0.0
A,1226,GLY,CA,0.018869191
A,1226,GLY,C,0.0
A,1226,GLY,O,0.0
A,1227,VAL,N,0.0
A,1227,VAL,CA,0.0
A,1227,VAL,C,0.0
A,1227,VAL,O,0.020089857
A,1227,VAL,CB,0.017611247
A,1227,VAL,CG1,0.20127138
A,1227,VAL,CG2,0.24907334
A,1228,VAL,N,0.0
A,1228,VAL,CA,0.0
A,1228,VAL,C,0.0
A,1228,VAL,O,0.0
A,1228,VAL,CB,0.0
A,1228,VAL,CG1,0.0
A,1228,VAL,CG2,0.0025158923
A,1229,THR,N,0.0
A,1229,THR,CA,0.0
A,1229,THR,C,0.0
A,1229,THR,O,0.0022322063
A,1229,THR,CB,0.09057212
A,1229,THR,OG1,0.18638922
A,1229,THR,CG2,0.2666846
A,1230,ILE,N,0.0113915475
A,1230,ILE,CA,0.0
A,1230,ILE,C,0.006289731
A,1230,ILE,O,0.083707735
A,1230,ILE,CB,0.0
A,1230,ILE,CG1,0.0
A,1230,ILE,CG2,0.011321515
A,1230,ILE,CD1,0.0
A,1231,ASN,N,0.0011391548
A,1231,ASN,CA,0.028932761
A,1231,ASN,C,0.0
A,1231,ASN,O,0.037947506
A,1231,ASN,CB,0.0025158923
A,1231,ASN,CG,0.035222493
A,1231,ASN,OD1,0.10044929
A,1231,ASN,ND2,0.24491827
A,1232,PRO,N,0.0
A,1232,PRO,CA,0.0025158923
A,1232,PRO,C,0.0025158923
A,1232,PRO,O,0.0
A,1232,PRO,CB,0.0037738383
A,1232,PRO,CG,0.23775181
A,1232,PRO,CD,0.16982272
A,1233,ASP,N,0.0
A,1233,ASP,CA,0.028932761
A,1233,ASP,C,0.0
A,1233,ASP,O,0.010044929
A,1233,ASP,CB,0.18366013
A,1233,ASP,CG,0.0037738383
A,1233,ASP,OD1,0.29241902
A,1233,ASP,OD2,0.008928825
A,1234,LYS,N,0.0022783095
A,1234,LYS,CA,0.0
A,1234,LYS,C,0.0
A,1234,LYS,O,0.0
A,1234,LYS,CB,0.0
A,1234,LYS,CG,0.018869191
A,1234,LYS,CD,0.011321515
A,1234,LYS,CE,0.05157579
A,1234,LYS,NZ,0.13328111
A,1235,LEU,N,0.0034174644
A,1235,LEU,CA,0.0
A,1235,LEU,C,0.0
A,1235,LEU,O,0.0
A,1235,LEU,CB,0.0
A,1235,LEU,CG,0.0025158923
A,1235,LEU,CD1,0.0025158923
A,1235,LEU,CD2,0.0037738383
A,1236,ILE,N,0.0
A,1236,ILE,CA,0.0
A,1236,ILE,C,0.0
A,1236,ILE,O,0.0
A,1236,ILE,CB,0.0
A,1236,ILE,CG1,0.0025158923
A,1236,ILE,CG2,0.20001343
A,1236,ILE,CD1,0.36354643
A,1237,LYS,N,0.0
A,1237,LYS,CA,0.018869191
A,1237,LYS,C,0.0
A,1237,LYS,O,0.08482384
A,1237,LYS,CB,0.04151222
A,1237,LYS,CG,0.10692542
A,1237,LYS,CD,0.076734714
A,1237,LYS,CE,0.29561734
A,1237,LYS,NZ,0.51831543
A,1238,MET,N,0.0
A,1238,MET,CA,0.0075476766
A,1238,MET,C,0.0
A,1238,MET,O,0.0
A,1238,MET,CB,0.0
A,1238,MET,CG,0.0
A,1238,MET,SD,0.024127431
A,1238,MET,CE,0.0
A,1239,ARG,N,0.0
A,1239,ARG,CA,0.0
A,1239,ARG,C,0.0
A,1239,ARG,O,0.018973753
A,1239,ARG,CB,0.0
A,1239,ARG,CG,0.012579462
A,1239,ARG,CD,0.07799266
A,1239,ARG,NE,0.048983656
A,1239,ARG,CZ,0.054091685
A,1239,ARG,NH1,0.13328111
A,1239,ARG,NH2,0.23124842
A,1240,ASP,N,0.0
A,1240,ASP,CA,0.037738383
A,1240,ASP,C,0.013837407
A,1240,ASP,O,0.30804446
A,1240,ASP,CB,0.15724327
A,1240,ASP,CG,0.05157579
A,1240,ASP,OD1,0.29576734
A,1240,ASP,OD2,0.15848665
A,1241,SER,N,0.0
A,1241,SER,CA,0.07799266
A,1241,SER,C,0.0012579461
A,1241,SER,O,0.17076378
A,1241,SER,CB,0.14843765
A,1241,SER,OG,0.0011161031
A,1242,LEU,N,0.0
A,1242,LEU,CA,0.0
A,1242,LEU,C,0.0050317845
A,1242,LEU,O,0.13393238
A,1242,LEU,CB,0.0
A,1242,LEU,CG,0.0
A,1242,LEU,CD1,0.0
A,1242,LEU,CD2,0.0
A,1243,PRO,N,0.0034174644
A,1243,PRO,CA,0.060381413
A,1243,PRO,C,0.0
A,1243,PRO,O,0.0
A,1243,PRO,CB,0.075476766
A,1243,PRO,CG,0.0
A,1243,PRO,CD,0.0
A,1244,PRO,N,0.0
A,1244,PRO,CA,0.011321515
A,1244,PRO,C,0.0
A,1244,PRO,O,0.0
A,1244,PRO,CB,0.28429583
A,1244,PRO,CG,0.2729743
A,1244,PRO,CD,0.21385084
A,1245,ASP,N,0.035313796
A,1245,ASP,CA,0.0
A,1245,ASP,C,0.011321515
A,1245,ASP,O,0.22322063
A,1245,ASP,CB,0.20001343
A,1245,ASP,CG,0.012579462
A,1245,ASP,OD1,0.2544715
A,1245,ASP,OD2,0.0
A,1246,GLY,N,0.006834929
A,1246,GLY,CA,0.16856478
A,1246,GLY,C,0.012579462
A,1246,GLY,O,0.2477749
A,1247,THR,N,0.0
A,1247,THR,CA,0.046544008
A,1247,THR,C,0.0
A,1247,THR,O,0.0
A,1247,THR,CB,0.0
A,1247,THR,OG1,0.07477891
A,1247,THR,CG2,0.079250604
A,1248,VAL,N,0.046705347
A,1248,VAL,CA,0.0
A,1248,VAL,C,0.0
A,1248,VAL,O,0.27232918
A,1248,VAL,CB,0.093088016
A,1248,VAL,CG1,0.12327872
A,1248,VAL,CG2,0.17108068
A,1249,TRP,N,0.0
A,1249,TRP,CA,0.0037738383
A,1249,TRP,C,0.0012579461
A,1249,TRP,O,0.0
A,1249,TRP,CB,0.0037738383
A,1249,TRP,CG,0.0
A,1249,TRP,CD1,0.07799266
A,1249,TRP,CD2,0.0
A,1249,TRP,NE1,0.16859491
A,1249,TRP,CE2,0.015095353
A,1249,TRP,CE3,0.0025158923
A,1249,TRP,CZ2,0.19623959
A,1249,TRP,CZ3,0.0
A,1249,TRP,CH2,0.023900976
A,1250,ASP,N,0.038731262
A,1250,ASP,CA,0.0
A,1250,ASP,C,0.0
A,1250,ASP,O,0.0
A,1250,ASP,CB,0.23397797
A,1250,ASP,CG,0.033964545
A,1250,ASP,OD1,0.06919839
A,1250,ASP,OD2,0.1417451
A,1251,THR,N,0.019365631
A,1251,THR,CA,0.0
A,1251,THR,C,0.0
A,1251,THR,O,0.0
A,1251,THR,CB,0.11195721
A,1251,THR,OG1,0.053572953
A,1251,THR,CG2,0.099377744
A,1252,ALA,N,0.03987042
A,1252,ALA,CA,0.017611247
A,1252,ALA,C,0.012579462
A,1252,ALA,O,0.088172145
A,1252,ALA,CB,0.5170159
A,1253,ARG,N,0.0
A,1253,ARG,CA,0.013837407
A,1253,ARG,C,0.0
A,1253,ARG,O,0.04576023
A,1253,ARG,CB,0.018869191
A,1253,ARG,CG,0.18743397
A,1253,ARG,CD,0.14088997
A,1253,ARG,NE,0.19707377
A,1253,ARG,CZ,0.09434596
A,1253,ARG,NH1,0.26770136
A,1253,ARG,NH2,0.5581858
A,1254,TYR,N,0.0
A,1254,TYR,CA,0.0
A,1254,TYR,C,0.0
A,1254,TYR,O,0.0
A,1254,TYR,CB,0.0
A,1254,TYR,CG,0.0
A,1254,TYR,CD1,0.0037738383
A,1254,TYR,CD2,0.0037738383
A,1254,TYR,CE1,0.0
A,1254,TYR,CE2,0.0012579461
A,1254,TYR,CZ,0.0
A,1254,TYR,OH,0.0
A,1255,GLN,N,0.0
A,1255,GLN,CA,0.0050317845
A,1255,GLN,C,0.012579462
A,1255,GLN,O,0.008928825
A,1255,GLN,CB,0.1144731
A,1255,GLN,CG,0.011321515
A,1255,GLN,CD,0.04151222
A,1255,GLN,OE1,0.35157248
A,1255,GLN,NE2,0.11391548
A,1256,ALA,N,0.0113915475
A,1256,ALA,CA,0.07799266
A,1256,ALA,C,0.012579462
A,1256,ALA,O,0.10937811
A,1256,ALA,CB,0.4365073
A,1257,TRP,N,0.0113915475
A,1257,TRP,CA,0.052833736
A,1257,TRP,C,0.0
A,1257,TRP,O,0.0
A,1257,TRP,CB,0.037738383
A,1257,TRP,CG,0.0
A,1257,TRP,CD1,0.040254276
A,1257,TRP,CD2,0.0
A,1257,TRP,NE1,0.0
A,1257,TRP,CE2,0.0
A,1257,TRP,CE3,0.0
A,1257,TRP,CZ2,0.0037738383
A,1257,TRP,CZ3,0.0
A,1257,TRP,CH2,0.0012579461
A,1258,ASN,N,0.0
A,1258,ASN,CA,0.0
A,1258,ASN,C,0.0050317845
A,1258,ASN,O,0.0
A,1258,ASN,CB,0.008805623
A,1258,ASN,CG,0.0163533
A,1258,ASN,OD1,0.020089857
A,1258,ASN,ND2,0.14239435
A,1259,THR,N,0.0
A,1259,THR,CA,0.028932761
A,1259,THR,C,0.0
A,1259,THR,O,0.06361788
A,1259,THR,CB,0.020127138
A,1259,THR,OG1,0.324786
A,1259,THR,CG2,0.5333692
A,1260,ALA,N,0.007974084
A,1260,ALA,CA,0.08679828
A,1260,ALA,C,0.0075476766
A,1260,ALA,O,0.05692126
A,1260,ALA,CB,0.38744742
A,1261,PHE,N,0.0
A,1261,PHE,CA,0.012579462
A,1261,PHE,C,0.0
A,1261,PHE,O,0.0
A,1261,PHE,CB,0.0
A,1261,PHE,CG,0.0
A,1261,PHE,CD1,0.0
A,1261,PHE,CD2,0.033964545
A,1261,PHE,CE1,0.0
A,1261,PHE,CE2,0.006289731
A,1261,PHE,CZ,0.011321515
A,1262,SER,N,0.0
A,1262,SER,CA,0.0012579461
A,1262,SER,C,0.0012579461
A,1262,SER,O,0.0
A,1262,SER,CB,0.17108068
A,1262,SER,OG,0.24331048
A,1263,GLY,N,0.006834929
A,1263,GLY,CA,0.25410512
A,1263,GLY,C,0.028932761
A,1263,GLY,O,0.11049421
A,1264,GLN,N,0.0
A,1264,GLN,CA,0.0
A,1264,GLN,C,0.0
A,1264,GLN,O,0.0
A,1264,GLN,CB,0.0
A,1264,GLN,CG,0.04151222
A,1264,GLN,CD,0.0037738383
A,1264,GLN,OE1,0.016741548
A,1264,GLN,NE2,0.36225122
A,1265,LYS,N,0.0
A,1265,LYS,CA,0.0
A,1265,LYS,C,0.0
A,1265,LYS,O,0.0
A,1265,LYS,CB,0.0
A,1265,LYS,CG,0.0
A,1265,LYS,CD,0.09434596
A,1265,LYS,CE,0.0
A,1265,LYS,NZ,0.058096893
A,1266,ASP,N,0.0
A,1266,ASP,CA,0.0012579461
A,1266,ASP,C,0.011321515
A,1266,ASP,O,0.07477891
A,1266,ASP,CB,0.16982272
A,1266,ASP,CG,0.04528606
A,1266,ASP,OD1,0.11495862
A,1266,ASP,OD2,0.42300308
A,1267,ASN,N,0.009113238
A,1267,ASN,CA,0.04277017
A,1267,ASN,C,0.0
A,1267,ASN,O,0.0
A,1267,ASN,CB,0.021385085
A,1267,ASN,CG,0.04528606
A,1267,ASN,OD1,0.14732562
A,1267,ASN,ND2,0.34288558
A,1268,ILE,N,0.0
A,1268,ILE,CA,0.0
A,1268,ILE,C,0.0
A,1268,ILE,O,0.0
A,1268,ILE,CB,0.0
A,1268,ILE,CG1,0.0
A,1268,ILE,CG2,0.0
A,1268,ILE,CD1,0.0
A,1269,GLN,N,0.0
A,1269,GLN,CA,0.0
A,1269,GLN,C,0.0
A,1269,GLN,O,0.0
A,1269,GLN,CB,0.0025158923
A,1269,GLN,CG,0.017611247
A,1269,GLN,CD,0.040254276
A,1269,GLN,OE1,0.30358005
A,1269,GLN,NE2,0.05695774
A,1270,ASN,N,0.004556619
A,1270,ASN,CA,0.026416868
A,1270,ASN,C,0.0
A,1270,ASN,O,0.0
A,1270,ASN,CB,0.09183007
A,1270,ASN,CG,0.057865523
A,1270,ASN,OD1,0.26786476
A,1270,ASN,ND2,0.43971375
A,1271,ASP,N,0.0
A,1271,ASP,CA,0.023900976
A,1271,ASP,C,0.0025158923
A,1271,ASP,O,0.0044644126
A,1271,ASP,CB,0.04151222
A,1271,ASP,CG,0.0
A,1271,ASP,OD1,0.18304092
A,1271,ASP,OD2,0.033483095
A,1272,VAL,N,0.0
A,1272,VAL,CA,0.0050317845
A,1272,VAL,C,0.0
A,1272,VAL,O,0.0022322063
A,1272,VAL,CB,0.0
A,1272,VAL,CG1,0.07799266
A,1272,VAL,CG2,0.015095353
A,1273,GLN,N,0.0
A,1273,GLN,CA,0.0
A,1273,GLN,C,0.0
A,1273,GLN,O,0.0
A,1273,GLN,CB,0.027674815
A,1273,GLN,CG,0.14340585
A,1273,GLN,CD,0.040254276
A,1273,GLN,OE1,0.23772997
A,1273,GLN,NE2,0.20504786
A,1274,THR,N,0.0
A,1274,THR,CA,0.0
A,1274,THR,C,0.0
A,1274,THR,O,0.007812722
A,1274,THR,CB,0.015095353
A,1274,THR,OG1,0.16183496
A,1274,THR,CG2,0.2780061
A,1275,LEU,N,0.0
A,1275,LEU,CA,0.0012579461
A,1275,LEU,C,0.008805623
A,1275,LEU,O,0.012277135
A,1275,LEU,CB,0.10566747
A,1275,LEU,CG,0.020127138
A,1275,LEU,CD1,0.040254276
A,1275,LEU,CD2,0.020127138
A,1276,VAL,N,0.0
A,1276,VAL,CA,0.0025158923
A,1276,VAL,C,0.0
A,1276,VAL,O,0.0
A,1276,VAL,CB,0.0
A,1276,VAL,CG1,0.1144731
A,1276,VAL,CG2,0.06667115
A,1277,GLU,N,0.0
A,1277,GLU,CA,0.023900976
A,1277,GLU,C,0.013837407
A,1277,GLU,O,0.09710097
A,1277,GLU,CB,0.10692542
A,1277,GLU,CG,0.163533
A,1277,GLU,CD,0.054091685
A,1277,GLU,OE1,0.3225538
A,1277,GLU,OE2,0.27567747
A,1278,LYS,N,0.0
A,1278,LYS,CA,0.0327066
A,1278,LYS,C,0.0
A,1278,LYS,O,0.0055805156
A,1278,LYS,CB,0.006289731
A,1278,LYS,CG,0.15095353
A,1278,LYS,CD,0.0050317845
A,1278,LYS,CE,0.21510878
A,1278,LYS,NZ,0.11733294
A,1279,TYR,N,0.0
A,1279,TYR,CA,0.0
A,1279,TYR,C,0.0
A,1279,TYR,O,0.0
A,1279,TYR,CB,0.0012579461
A,1279,TYR,CG,0.0
A,1279,TYR,CD1,0.0
A,1279,TYR,CD2,0.0
A,1279,TYR,CE1,0.06415525
A,1279,TYR,CE2,0.0
A,1279,TYR,CZ,0.0
A,1279,TYR,OH,0.016741548
A,1280,SER,N,0.0
A,1280,SER,CA,0.0
A,1280,SER,C,0.010063569
A,1280,SER,O,0.0022322063
A,1280,SER,CB,0.1144731
A,1280,SER,OG,0.09263656
A,1281,HIS,N,0.010252393
A,1281,HIS,CA,0.036480438
A,1281,HIS,C,0.0
A,1281,HIS,O,0.0
A,1281,HIS,CB,0.118246935
A,1281,HIS,CG,0.036480438
A,1281,HIS,ND1,0.10594139
A,1281,HIS,CD2,0.28177994
A,1281,HIS,CE1,0.27171636
A,1281,HIS,NE2,0.19935209
A,1282,GLN,N,0.0011391548
A,1282,GLN,CA,0.012579462
A,1282,GLN,C,0.0
A,1282,GLN,O,0.0
A,1282,GLN,CB,0.020127138
A,1282,GLN,CG,0.012579462
A,1282,GLN,CD,0.0
A,1282,GLN,OE1,0.12835187
A,1282,GLN,NE2,0.038731262
A,1283,ASN,N,0.0
A,1283,ASN,CA,0.0
A,1283,ASN,C,0.0
A,1283,ASN,O,0.0011161031
A,1283,ASN,CB,0.0
A,1283,ASN,CG,0.0
A,1283,ASN,OD1,0.006696619
A,1283,ASN,ND2,0.0
A,1284,SER,N,0.0
A,1284,SER,CA,0.008805623
A,1284,SER,C,0.0
A,1284,SER,O,0.0055805156
A,1284,SER,CB,0.054091685
A,1284,SER,OG,0.31250888
A,1285,ASN,N,0.0
A,1285,ASN,CA,0.0050317845
A,1285,ASN,C,0.012579462
A,1285,ASN,O,0.07366281
A,1285,ASN,CB,0.10189363
A,1285,ASN,CG,0.049059898
A,1285,ASN,OD1,0.21094349
A,1285,ASN,ND2,0.2790929
A,1286,PHE,N,0.0056957738
A,1286,PHE,CA,0.027674815
A,1286,PHE,C,0.0
A,1286,PHE,O,0.0
A,1286,PHE,CB,0.0037738383
A,1286,PHE,CG,0.0
A,1286,PHE,CD1,0.018869191
A,1286,PHE,CD2,0.0
A,1286,PHE,CE1,0.0
A,1286,PHE,CE2,0.0
A,1286,PHE,CZ,0.0
A,1287,ASP,N,0.0
A,1287,ASP,CA,0.0
A,1287,ASP,C,0.0
A,1287,ASP,O,0.0
A,1287,ASP,CB,0.044028115
A,1287,ASP,CG,0.0
A,1287,ASP,OD1,0.14509341
A,1287,ASP,OD2,0.008928825
A,1288,ASN,N,0.0
A,1288,ASN,CA,0.0050317845
A,1288,ASN,C,0.006289731
A,1288,ASN,O,0.011161031
A,1288,ASN,CB,0.14340585
A,1288,ASN,CG,0.050317846
A,1288,ASN,OD1,0.2500071
A,1288,ASN,ND2,0.3121284
A,1289,LEU,N,0.010252393
A,1289,LEU,CA,0.03899633
A,1289,LEU,C,0.0
A,1289,LEU,O,0.0
A,1289,LEU,CB,0.046544008
A,1289,LEU,CG,0.0
A,1289,LEU,CD1,0.13208434
A,1289,LEU,CD2,0.095603906
A,1290,VAL,N,0.0
A,1290,VAL,CA,0.0
A,1290,VAL,C,0.0
A,1290,VAL,O,0.0
A,1290,VAL,CB,0.0
A,1290,VAL,CG1,0.0
A,1290,VAL,CG2,0.0
A,1291,LYS,N,0.0
A,1291,LYS,CA,0.0
A,1291,LYS,C,0.015095353
A,1291,LYS,O,0.11495862
A,1291,LYS,CB,0.13208434
A,1291,LYS,CG,0.0012579461
A,1291,LYS,CD,0.12705256
A,1291,LYS,CE,0.0
A,1291,LYS,NZ,0.301876
A,1292,VAL,N,0.0
A,1292,VAL,CA,0.046544008
A,1292,VAL,C,0.0
A,1292,VAL,O,0.046876334
A,1292,VAL,CB,0.006289731
A,1292,VAL,CG1,0.39625302
A,1292,VAL,CG2,0.45160267
A,1293,LEU,N,0.0
A,1293,LEU,CA,0.0
A,1293,LEU,C,0.0
A,1293,LEU,O,0.0055805156
A,1293,LEU,CB,0.0
A,1293,LEU,CG,0.0
A,1293,LEU,CD1,0.0
A,1293,LEU,CD2,0.017611247
A,1294,SER,N,0.0
A,1294,SER,CA,0.018869191
A,1294,SER,C,0.0
A,1294,SER,O,0.04241192
A,1294,SER,CB,0.047801953
A,1294,SER,OG,0.011161031
A,1295,GLY,N,0.0
A,1295,GLY,CA,0.18994987
A,1295,GLY,C,0.046544008
A,1295,GLY,O,0.026786476
A,1296,ALA,N,0.014809012
A,1296,ALA,CA,0.076734714
A,1296,ALA,C,0.0
A,1296,ALA,O,0.007812722
A,1296,ALA,CB,0.15850121
A,1297,ILE,N,0.0
A,1297,ILE,CA,0.012579462
A,1297,ILE,C,0.0
A,1297,ILE,O,0.012277135
A,1297,ILE,CB,0.0050317845
A,1297,ILE,CG1,0.011321515
A,1297,ILE,CG2,0.1283105
A,1297,ILE,CD1,0.006289731
A,1298,SER,N,0.0034174644
A,1298,SER,CA,0.06163936
A,1298,SER,C,0.0
A,1298,SER,O,0.0011161031
A,1298,SER,CB,0.054091685
A,1298,SER,OG,0.3158572
A,1299,THR,N,0.0022783095
A,1299,THR,CA,0.011321515
A,1299,THR,C,0.0
A,1299,THR,O,0.0011161031
A,1299,THR,CB,0.021385085
A,1299,THR,OG1,0.35938522
A,1299,THR,CG2,0.4038007
A,1300,LEU,N,0.0
A,1300,LEU,CA,0.0
A,1300,LEU,C,0.012579462
A,1300,LEU,O,0.06250177
A,1300,LEU,CB,0.11698899
A,1300,LEU,CG,0.025158923
A,1300,LEU,CD1,0.015095353
A,1300,LEU,CD2,0.31197065
A,1301,THR,N,0.0011391548
A,1301,THR,CA,0.0327066
A,1301,THR,C,0.0
A,1301,THR,O,0.12388745
A,1301,THR,CB,0.017611247
A,1301,THR,OG1,0.2131757
A,1301,THR,CG2,0.4880831
A,1302,ASP,N,0.0
A,1302,ASP,CA,0.049059898
A,1302,ASP,C,0.0075476766
A,1302,ASP,O,0.29241902
A,1302,ASP,CB,0.16604888
A,1302,ASP,CG,0.054091685
A,1302,ASP,OD1,0.27456138
A,1302,ASP,OD2,0.33706316
A,1303,THR,N,0.0
A,1303,THR,CA,0.075476766
A,1303,THR,C,0.044028115
A,1303,THR,O,0.27567747
A,1303,THR,CB,0.119504884
A,1303,THR,OG1,0.09263656
A,1303,THR,CG2,0.4365073
A,1304,ALA,N,0.0
A,1304,ALA,CA,0.08050855
A,1304,ALA,C,0.34341928
A,1304,ALA,O,0.33371484
A,1304,ALA,CB,0.3547408
