Chain_ID,Residue_Number,Residue_Name,SASA (nm^2)
A,1034,ALA,0.29716426
A,1035,MET,1.0640979
A,1036,THR,0.6774956
A,1037,ASP,0.76320237
A,1038,ASP,1.0064809
A,1039,ASP,0.64150155
A,1040,LEU,0.033964545
A,1041,ARG,0.988387
A,1042,ALA,0.9195647
A,1043,ALA,0.2917032
A,1044,GLY,0.5109844
A,1045,VAL,0.038373034
A,1046,ASP,0.36077473
A,1047,ARG,0.66177005
A,1048,ARG,1.3176484
A,1049,VAL,0.7219006
A,1050,PRO,0.015095353
A,1051,GLU,0.27002966
A,1052,GLN,1.2641382
A,1053,LYS,0.8635662
A,1054,LEU,0.047925152
A,1055,GLY,0.26080614
A,1056,ALA,0.42608285
A,1057,ALA,0.013837407
A,1058,ILE,0.099377744
A,1059,ASP,1.0449781
A,1060,GLU,0.25387314
A,1061,PHE,0.0012579461
A,1062,ALA,0.45681036
A,1063,SER,0.35348186
A,1064,LEU,0.08891864
A,1065,ARG,1.6294186
A,1066,LEU,0.21952155
A,1067,PRO,0.044028115
A,1068,ASP,0.43776357
A,1069,ARG,0.19185397
A,1070,ILE,0.86546695
A,1071,ASP,1.3548259
A,1072,GLY,0.4716328
A,1073,ARG,1.358151
A,1074,PHE,0.6915931
A,1075,VAL,0.5984987
A,1076,ASP,1.2341696
A,1077,GLY,0.27774137
A,1078,ARG,1.0907385
A,1079,ARG,1.0545636
A,1080,ALA,0.19298129
A,1081,ASN,0.7612486
A,1082,LEU,0.43954092
A,1083,THR,0.7367164
A,1084,VAL,0.25353774
A,1085,PHE,0.0
A,1086,ASP,0.5841321
A,1087,ASP,0.77151823
A,1088,ALA,0.0025158923
A,1089,ARG,0.35867327
A,1090,VAL,0.84524655
A,1091,ALA,0.1617936
A,1092,VAL,0.035345696
A,1093,ARG,0.9477874
A,1094,GLY,0.3757897
A,1095,HIS,0.09142494
A,1096,ALA,0.14372142
A,1097,ARG,1.5827771
A,1098,ALA,0.20656909
A,1099,GLN,0.059153467
A,1100,ARG,0.8238988
A,1101,ASN,0.77130353
A,1102,LEU,0.08805623
A,1103,LEU,0.0
A,1104,GLU,0.7215546
A,1105,ARG,1.1291239
A,1106,LEU,0.1283105
A,1107,GLU,0.41101694
A,1108,THR,0.9599929
A,1109,GLU,1.0554237
A,1110,LEU,0.12525724
A,1111,LEU,1.1014243
A,1112,GLY,0.8785852
A,1122,GLY,1.3841413
A,1123,GLY,0.5584542
A,1124,ILE,1.6668613
A,1125,GLN,1.3785623
A,1126,PRO,1.0104337
A,1127,ASP,0.93376386
A,1128,PRO,1.1030324
A,1129,ILE,0.86942875
A,1130,LEU,0.46292418
A,1131,GLN,1.0365281
A,1132,GLY,0.32362536
A,1133,LEU,0.2943594
A,1134,VAL,0.21182775
A,1135,ASP,0.9209674
A,1136,VAL,0.66123986
A,1137,ILE,0.0025158923
A,1138,GLY,0.3654965
A,1139,GLN,0.967638
A,1140,GLY,0.09525635
A,1141,LYS,0.36667928
A,1142,SER,0.33803606
A,1143,ASP,0.28871974
A,1144,ILE,0.043830346
A,1145,ASP,0.65153515
A,1146,ALA,0.014811667
A,1147,TYR,0.09168822
A,1148,ALA,0.19684766
A,1149,THR,0.5344163
A,1150,ILE,0.0628973
A,1151,VAL,0.123969294
A,1152,GLU,0.45142758
A,1153,GLY,0.050317846
A,1154,LEU,0.13837406
A,1155,THR,0.063494675
A,1156,LYS,0.9252056
A,1157,TYR,0.085484415
A,1158,PHE,0.028932761
A,1159,GLN,0.1766009
A,1160,SER,0.30883586
A,1161,VAL,0.0012579461
A,1162,ALA,0.0
A,1163,ASP,0.46547094
A,1164,VAL,0.09213768
A,1165,MET,0.015590154
A,1166,SER,0.118246935
A,1167,LYS,1.0037231
A,1168,LEU,0.0050317845
A,1169,GLN,0.07646239
A,1170,ASP,1.0652025
A,1171,TYR,0.7756835
A,1172,ILE,0.08608179
A,1173,SER,0.45838925
A,1174,ALA,0.52431554
A,1175,LYS,0.81215084
A,1176,ASP,0.8509677
A,1177,ASP,1.2750745
A,1178,LYS,1.1487937
A,1179,ASN,0.2590701
A,1180,MET,0.011037828
A,1181,LYS,0.72979134
A,1182,ILE,0.012579462
A,1183,ASP,0.3418299
A,1184,GLY,0.0
A,1185,GLY,0.27041388
A,1186,LYS,0.9192314
A,1187,ILE,0.0037738383
A,1188,LYS,0.68977106
A,1189,ALA,0.6255997
A,1190,LEU,0.32094997
A,1191,ILE,0.015095353
A,1192,GLN,0.55754113
A,1193,GLN,1.1273069
A,1194,VAL,0.18293227
A,1195,ILE,0.29539365
A,1196,ASP,0.99765027
A,1197,HIS,1.3916522
A,1198,LEU,0.32435727
A,1199,PRO,0.27938724
A,1200,THR,0.9426106
A,1201,MET,0.09000475
A,1202,GLN,1.0081326
A,1203,LEU,0.06771268
A,1204,PRO,0.34128183
A,1205,LYS,2.0880988
A,1206,GLY,0.78626156
A,1207,ALA,0.26686412
A,1208,ASP,0.8942609
A,1209,ILE,0.26342845
A,1210,ALA,0.5877294
A,1211,ARG,0.8149123
A,1212,TRP,0.07978959
A,1213,ARG,1.041127
A,1214,LYS,1.7689322
A,1215,GLU,0.5437109
A,1216,LEU,0.056126125
A,1217,GLY,0.2824146
A,1218,ASP,1.2774835
A,1219,ALA,0.15967399
A,1220,VAL,0.13104688
A,1221,SER,0.6143041
A,1222,ILE,0.16065696
A,1223,SER,0.413015
A,1224,ASP,1.3393762
A,1225,SER,0.82864785
A,1226,GLY,0.018869191
A,1227,VAL,0.4880458
A,1228,VAL,0.0025158923
A,1229,THR,0.5458782
A,1230,ILE,0.11271053
A,1231,ASN,0.45112538
A,1232,PRO,0.41638017
A,1233,ASP,0.5277595
A,1234,LYS,0.21732593
A,1235,LEU,0.012223087
A,1236,ILE,0.56607574
A,1237,LYS,1.1427982
A,1238,MET,0.031675108
A,1239,ARG,0.57715076
A,1240,ASP,1.0226933
A,1241,SER,0.39956814
A,1242,LEU,0.13896416
A,1243,PRO,0.13927564
A,1244,PRO,0.7824425
A,1245,ASP,0.73692036
A,1246,GLY,0.43575406
A,1247,THR,0.20057352
A,1248,VAL,0.70648193
A,1249,TRP,0.49314502
A,1250,ASP,0.5176173
A,1251,THR,0.28427354
A,1252,ALA,0.67524916
A,1253,ARG,1.5240977
A,1254,TYR,0.008805622
A,1255,GLN,0.6593349
A,1256,ALA,0.6478491
A,1257,TRP,0.14724973
A,1258,ASN,0.1926749
A,1259,THR,0.97083294
A,1260,ALA,0.5466887
A,1261,PHE,0.06415525
A,1262,SER,0.41690707
A,1263,GLY,0.40036702
A,1264,GLN,0.42427883
A,1265,LYS,0.15244284
A,1266,ASP,0.8404288
A,1267,ASN,0.6087657
A,1268,ILE,0.0
A,1269,GLN,0.4209192
A,1270,ASN,0.8882476
A,1271,ASP,0.2889175
A,1272,VAL,0.100352004
A,1273,GLN,0.65411276
A,1274,THR,0.46274912
A,1275,LEU,0.20851672
A,1276,VAL,0.18366013
A,1277,GLU,1.0576208
A,1278,LYS,0.53300387
A,1279,TYR,0.08215475
A,1280,SER,0.21940544
A,1281,HIS,1.06025
A,1282,GLN,0.21350835
A,1283,ASN,0.007812723
A,1284,SER,0.3809867
A,1285,ASN,0.732264
A,1286,PHE,0.056013618
A,1287,ASP,0.19805035
A,1288,ASN,0.77834177
A,1289,LEU,0.323481
A,1290,VAL,0.0
A,1291,LYS,0.6923248
A,1292,VAL,0.9475658
A,1293,LEU,0.023191761
A,1294,SER,0.12024409
A,1295,GLY,0.26328036
A,1296,ALA,0.25785765
A,1297,ILE,0.17581014
A,1298,SER,0.43612182
A,1299,THR,0.79928696
A,1300,LEU,0.54429513
A,1301,THR,0.87660325
A,1302,ASP,1.1807917
A,1303,THR,1.0438311
A,1304,ALA,1.1123835
